input,label
چوہدریوں کی بھی اقسام ہوتے؛اگرکوئی سمجھتاہےکہ جاری ادایئگیوں کےتوازن تجارت کاخسارہ اورجہازی حجم کاغیرملکی جیسےمسائل چائےکی پیالیوں بسکٹ کی بچت سےدرست کئےجاسکتےہیں توایک مقامی ضرب المثل کےمطابق مردےکی مونچھیں مونڈے سےجنازےکابوجھ کم نہیں ہوتا 🙏نوٹ آپ سےگزارش ہمیں بھی فالوکریں,0
دنیا سے اکتوبر میں پیدا ہونے والے لوگ 😍 نکال دیے جائیں تو یہ دنیا سنسان ہوجائے ❤ 😁,1
 زرتاج لودھی نے مُجھے بلاک کیا ہوا ہے..سوچیں میں نے کیسی طبیعت صاف کی ہوگی🙉😆,1
یقیناً فوج کے شعبہُ تفریحات کا کیپٹن ہوگا یہ😂😂,0
 ماں تیری یاد بہت آتی ہے ـــــــــــــــــ🌹 ـــــــــــــــــ میں چھوٹی سی اک بچی تھی تیری انگلی تھام کے چلتی تھی تو دور نظر…,0
بڑے ایوان میں ہم نے ُسنا یہی تھا خبر نہ تھی کہ راہ میں ایک یو ٹرن تھا نجانے کیوں ہم بے ربط بول بیٹھے زبان لڑکھڑائی یا میری دوائی کا اثر تھا ایسے میں سہانے خواب میں دیکھتا ہوں میں کب غلط ہوں بس یہی تو کہتا ہوں بس میں اکثر دوائی کا پیمانہ تو بدلتا ہوں 🙈🙈🙈🙈🙈🙈,1
نا جی نہیں ہوتی تو کتنا سکون ہوتا ٹوٹر پہ 😂🙊,0
@Baig25239209 @iqrarulhassan بھائی میں نے پڑھا ہے کیا اب ہمیں طنز و مزاح کو سمجھنے کیلئے بھی پی ایچ ڈی کی ڈگری حاصل کرنی پڑے گی جناب کا مقصد تو یہ ہی تھا,1
کامران خان ایسے لیکچر دے رھے ہیں جسطرح سٹوڈنس کو کلاس میں پڑھا رھے ھوں اور گویا عمران خان کو ٹیوشن پڑھا رھے ھیں 😀😃😄😁😆😅🤣😂😂,1
سندھ پولیس کی عزت میری عزت ہے، سندھ پولیس کی بے عزتی میری بے عزتی ہے چیئرمین بلاول بھٹو زرداری❤ زندہ پولیس زندہ ❤❤💪,0
 باجوہ صاحب نے کرنل کی بیوی کا بھی نوٹس لیا تھا۔۔ 😂😂,1
کچھ مردو میں کیڑا ہوتا ھے ہر لڑکی کو دل دینے کا 😄😄😄ا,0
کرنانی پہلے پتہ کر لیا کرو خبر صحیح ہے کہ پٹواریوں کی طرح جعلی 😹😹😹,1
"ایم ایم عالم کے جھاز کے بعد جھانگیر ترین کا جہاز ہمیشہ یاد رکھا جائے گا۔۔

#Sarcasm",1
میں شرمندہ ہوں 😔,0
ہم سعودی عرب سے اس لیے محبت رکھتے ہیں یہ مقدس سرزمین ہے اور رہی بات سعودی حکمرانوں کی ہمیں بلیک میل کرنے سے کچھ فرق نہیں پڑے گا تم لوگوں کا ذہن عجمی اور عربی سے نکلا نہیں انشاللہ اپ نے اپنی بربادی اپنے ہاتھ سے لکھ لی ہے ☺ TurkeyIsNotAlone Ummah,0
 دوسروں کی بیویاں دیکھ کر جلنے سے بہتر یے اپنی بیویوں پر خرچہ کریں انہیں پارلر لے کر جائیں🙊🙊🤣 مارخورز,1
ن۔لیگ حکومت کرنٹ اکاؤنٹ خسارہ 24 ارب ڈالر تحریک انصاف حکومت خسارہ ختم کر کے 792 ملین ڈالر کا منافع شروع ✌️🇵🇰,1
 ایک گندے انڈے کی وجہ سے اچھے بھلے انڈے بھی دو سو روپے درجن ہو گئے😂😂😂,1
بلاول بھٹو کا کوئٹہ جلسے میں شرکت سے انکار اے پیا جے انقلاب 😂,1
فوج کے پاس ہے تیرے باقی کے کپڑے 😝😝,1
کتھوں😂,0
بزدار کے ہوتے ہوئے تو بہت پہلے مار لینی چاہئے تھی۔😂,1
 ہاہاہاہاہاہا چالیس سالہ صحافت کا بلتکار کردیا حامد میر۔ مولا خوش رکھے 😂,1
ان پر ایک تھریڈ لکھا تھا شئیر کرتا ہوں 💯♥️,0
میں تو مریم باجی کی طرف ہوں😂😂😂,1
جس دن نواز بھگوڑے کو لگا کہ اب برطانوی حکومت مجھے حکومت پاکستان کے حوالے کرنے جا رہے ہیں۔اچانک شیر بن کر اعلان کریگا واپس آنے کا😂,1
چلو تم روٹھ جاؤ میں تمھیں انباکس میں منانے آؤ🤭 🤣🤣🙈💝,0
`` خواب خواہشیں اور لوگ کم ہی ہوں تو بہتر ہے `` 🥀 مرشد🔥,0
"وائس آف امریکہ تجزیہ: پاکستان، آسٹریلیا ٹیسٹ سیریز: پچز پر تنقید اور رنز کے انبار، لیکن فتح پھر بھی آسٹریلیا کے نام

https://t.co/4cNnYcXOR2

#PakvsAus #FawadAlam #HasanAli #ramizraja https://t.co/lx8C3YOkdx",1
 نواز شریف نے عمران خان کو نیا عمران خان بنا دیا ہے لہزا آج کے بعد `` نیو خان `` لکھا اور پکارا جائے 😂😂😂,1
” نفرت کرنے سے ہماری خود کی انرجی ضائع ہوتی ہے بہتر یہی ہے کہ آپ فرض کرلیں وہ وفات پاچکے ہیں “ 🙂💔,1
زیدی صاحب بتا دیں۔آپکے پاس شمالی_علاقہ_جات_کی_سیر کاآخری اور نادر موقع ھے پھر سردیاں آرہی ہیں 😜😁,0
انگور کھٹے ہیں سرکاری حاجن 😂,1
سالاراعظم_1پروموشن لسٹ 2 ❤️ ❤️,0
۵ سختی سے پوچھتے ہیں کہ وارننگ کے باوجود تم دوبارہ یہاں کیوں آئے ہو اور یہ عورت کون ہے پائلٹ بےچارہ تقریباً روتے ہوئے کہتا ہے میری پاویں تہون گردن لاء دیو پر میری بیوی کو بتا دیں کہ کل رات میں کتھے گزاری اے😂 مجنونیاں نمود_عشق,0
تبدیلی آئی ری 😜، ہن گہن مزے تبدیلی دے 😂، بیڈ گورنینس کی تازہ ترین مثال 😏🤐,0
یہ مجھے نہ دے جانا na 🙄😶,0
 شادی اور پروگرام کے موقع پر سب فنکار۔😁 فضول رسم و رواج کےموقع پر سب مالدار۔😉 اور بے نظیر انکم سپورٹ پروگرام آئے تو سب زکواة…,1
اب پتہ نہیں کس کو سب ٹویٹ لائک آرٹی دینا ہو گا ... کس کا حال پوچھتا ہو گا اللہ کرے اس کو کھڈے لائن لگا دے وہ 😜,0
حلیم عادل کے پاس بھی وہی وڈیو ہے جو شہریار آفریدی کے پاس رانا ثناء اللہ کی گرفتاری کے وقت بنی ہوئی تھی کیونکہ جان اللہ کو دینی ہے 😂😂,1
اب قوم اتنی بھی آوارہ نہیں کہ مریم نواز کو بیٹی بناتی پھرے.. 😆,1
مانگ کر کھایا تو کیا کھایا ,0
 وضو سے شکل،قرآن سے عقل اور نماز سے نسل پاک ہوتی ہے 💯❤ محفل_سخن,0
ہمارا بنیادی مسلئہ یہ ہے کہ یہاں صحافی بھی سیاسی ہونا چاہتے ہیں..ماہر معاشیات بھی سیاسی ہونا چاہتے ہیں..لیکن ہاں جب سیاستدان سیاست کرتے ہیں تو اُنھیں تنقید کا نشانہ بنایا جاتا ہے..اگر ہم سب اپنے کام سے کام رکھیں تو یقیناً 70% مسائل خود بخود حل ہوجائیں گے.. https://t.co/GHhnvt6PsJ,1
ہاں ہاں ۔۔جیدی بلکل سولہ آنے درست ہے۔۔۔۔😁,0
ن لیگ نے پیپلز پارٹی کو ڈبو دیا 😠😠😠,0
زبردست کھیلا زرداری صاحب نانی کو سیاست کے الف کا بھی پتا نہیں 😂,1
نکلا ہو ٹڈ اور بندوق سی نکلی گولی کھبی واپس نہی ہوتی 😁,1
کیپٹن صاحب نے ہر سال 18 اکتوبر کو مزار قائد پر آنے کا اعلان کیا ھوا ھے 😂,1
دوسرے کی ہی بجائی جاتی ہے۔😂☺😊,0
بادام رکھے تھے یاداشت بڑھانے کے لئے اب یاد نہی آ رہے کہ رکھے کہاں تھے🤔😒 😂😂😂😂😂😂 بزم_ادب ہماری_جہت رنگ_شعروادب,1
ہاں ہاں ہمیں پتا ہے اگلی کٹھ پتلی بے بی بلاول ہی ہے ۔ سندھ میں رینجرز راج برقرار رکھنے کے لئے بے بی بلاول کو ہر کچھ دن بعد فیڈر دینا ضروری ہوتا ہے ۔ ✋🏾,1
 مکس اچار خراب ہوگیا سرسوں کے تیل کی جگہ کسی نے غلطی سے ڈیزل ڈال دیا⛽ 🤣😂,1
سندھ پولیس کے بڑے افسران شاید شمالی علاقہ جات کی سیر پر ہیں یا پھر کچن گاڈرننگ کی تربیت کے لیے محکمہ زراعت کی کلاس میں ہیں ... 🙏😊😜😁🙏 دل_پہ_مت_لے_یار,1
منہ بیگن جیسا ہے۔۔۔۔۔😱😬🕺🕺,0
یہ گئے تھے نواز شریف کو زیرو کرانے، الٹا کیپٹن صفدر کو بھی ہیرو بنا دیا۔ ,1
او چھڈو جی عشق وشق آؤ چاء پینے آں ☺️,0
پورے بھی ہوتے تو کوئ نہی خریدتا ہر بندہ اس معاملے میں شیخ چلی اور خود کفیل ہے 😜,1
"وقت کا چکر ہے کہ جو 2014,2013 کو پاکستان عوامی تحریک کے احتجاج پہ تنقید کرتے تھے اللہ ان سبکواکٹھا کرکے اسی طرح اور اسی جگہ بھیج رہا ہے۔ لیکن اتنی عوام لاکر ستر دن بیٹھ کے دکھائیں ۔ وہ مارچ تھا ان منافقوں کی مارچی ہوگی انشاءاللہ
#آئےناں_کنٹینرتے
#امربالمعروف",1
نانی تیرے مور کو پولیس لے گئی۔ 😁,1
جنگل میں تو آگ لگ جائے گا 😜😜😜😜😜😜😜😜😜😜😜😜😜😜,0
اگلی لسٹ کیلئےریٹویٹ اورمجھےفالوکریں1000فالوورزحاصل کریں,0
 رپورٹ آنے دو پھر سندھ پولیس کے حوالات میں تم سب کھڑے ہوگے😂,1
ہممم بس ہو رہی 😂😂,0
زندہ باد 🐅✌🐅,0
آئی جی صاحب آج آپکو احساس ھوا ھوگا کے اغوا ھونا کتنا دردناک لمحہ ھے خود کے لئیے بھی اور گھر والوں کے لئیے بھی اللہ تمام لاپتہ افراد کو اپنے حفظ و امان میں رکھے امین۔ 💔💔💔,1
ہن تسی وی اینج دیاں ٹویٹاں کرو گے😁,0
مبین نظر نہیں آ رہا کئى دنوں سے ، آئى ڈى بھی نہیں مل رہا 🤔😳,0
سوشل میڈیا پر سوشل ڈیسٹینسنگ کی بات کرنا جرم ہے 😋😋😋😁😁😁😂😂😂,1
اس کے سوفٹوئیر میں وائرس ہے اسی لیئے اسکی صحافت ذرا بیمارشمار سی ہے,1
اے خدا اپنی دنیا میں ایک اور کمال کر یا عشق آسان کر یا خودکشی حلال کر🙏,0
 مارخورز زندگی ایک پھول ہے اور محبت اسکا شہد 🌹,0
صحیح بات۔۔۔ ویسے بھی ایک آجکل شادیوں کا سیزن ہے، حنا جی کا کام چل جائے گا۔۔۔ 😆,1
'' عورت کی اتنی وفا کافی نہیں؟ کہ وہ تمہارے ساتھ جنت تک کے خواب دیکھتی ہے جبکہ تم اسے پہلو میں بیٹھا کر بھی تین بیویوں کے خواب دیکھ رہے ہوتے ہو_ '' 🙂❤,0
ھاھاھاھاھا۔۔۔😀😆,0
وردی بمقابلہ وردی سندھ بھر میں احتجاجا 30 ایس ایس پیز چھٹی پر چلے گئے اور 25 ڈی آئی جیز نے چھٹی کی درخواست دے دی نواز کا بیانیہ کی سر چڑھ جیت,0
چپ کر ... ..میں تیرا خون پی جاؤں گا😡😡😡,0
😂😂🤣🤣👊👊 خود بھی ویسی بن جاؤ چڑیل,0
 کاغذی پھولوں کا گلدان مہک اٹھتا تھا ... پھر وہاں سے تیری تصویر ہٹا دی میں نے ... 🔥✌️😥 محفل_سخن,0
"@AnwarLodhi کنٹینر اور لانگ مارچ پہ تنقید کرنے والے خود آرہے ہیں 😂😂
#آئےناں_کنٹینرتے https://t.co/CYKy4CBd7R",1
پتا نہیں یہ قاصر کاظمی کدوں ختم ہونا 😂🤦‍♂️,0
اللہ کریم 😃 Azerbaijan,0
پھائی صاب ایتھوں سدھےچلےجاؤ، اگے چوک آؤ گا، فیر ایں نوں ہو جاؤ، فیر چوک آؤ گا فیر ایں نوں ہوجاؤ، فیر ایں نوں ہو کے ایں نوں ہو گے تے گھنٹہ گھر آ جاؤ گا '' مطلب دائیں بائیں کےالفاظ یہاں مستعمل ہی نہیں، اور آپ آدھا گھنٹہ پتہ سمجھنے کے بعد مسکراتے ہوئے بس وہاں سے نکلنے کی کرتے ہیں 👇,1
تسی نانی فوج سے نہیں جیت سکتے تو فیر پنگے کیوں لے رہے ہو۔ مینوں تے لگدا اے ہجے تسی ہور ذلیل ہونا اے 👉,1
جیوے مرشد کامل باھو 💖 رحمتہ اللہ تعالیٰ علیہ,0
تسی نانی فوج سے نہیں جیت سکتے تو فیر پنگے کیوں لے رہے ہو۔ مینوں تے لگدا اے ہجے تسی ہور ذلیل ہونا اے ,1
ویسے تیری جیسی شکل کی ایک کُتی میں نے آپنے ڈیرے پر بھی رکھی ہوئی ہے😂😂,0
پھر تو اکھٹے احتجاج کرتے ہے ہمیں کیوں نکالا 😝,1
"#طنز
کوئی ہندو کوئی مسلم کوئی عیسائی ہے 
سب نے انسان نہ بننے کی قسم کھائی ہے 
#ندا_فاضلی",1
اتنا زور مت لگا کچھ اور نکل جائے گا 😂😂😂,0
ویرے فائدہ وی تے دوویں پاسیوں تہاڈا ای ہونا نا بدلی تے تاویں بدل گئی تے تاویں 😂,0
واہ واہ ویسے اے کی اے 😝,0
صحیح 😁🚶,0
ایک دل کو جیت لینا ہزار قعلوں کو فتح کرنے سے بہتر ہے۔۔۔ ♥,0
 اپوزیشن والے کبھی کہتے ہیں عمران خان کٹھ پُتلی ہے فیصلے کوئی اور کرتا ھے کبھی کہتے ہیں عمران خان ہم سے انتقام لے رہا ھے😂…,1
کاش محشر میں جب ان کی آمد ہو اور بھیجیں سب اُن محمد ﷺ🌼🌹 کی شوکت پہ لاکھوں سلام❤🌼💓🌹💖 ربيع_الأول_مبارک,0
 جب بھی کنڈوم کی کوالٹی چیک کئے بغیر کنڈوم کا استعمال کروگے تو نتیجہ فیاض چوہان جیسا بندہ ہوگا۔ لخد دی لعنت۔✊ BachaKhanO…,0
محترم ففتھ جنریشن اور ہائبرڈ چیف آپ نے تو غزوۂ ہِند کرنا تھا، آپ غزوۂ سندھ کر رہے ہیں۔ StateAboveStateRejected,1
مجھے شاعری ہی نہیں آتی،ویسے ہی کر لیں,0
😂😂😂😂اب آیا ہے اُونٹ پہاڑ کے نیچے,1
دادی بھی نئی ہیں پتر پتر😂,0
حامد میر نے ڪامران خان ڪی شلوار اتار دی آئندہ میری خبر ڪو جھوٹا نا ڪہنا ملوث تھی رینجرز ڪے نہیں، حامد میر👍,1
 نفرتوں کے بازار میں جینے کا الگ ہی مزہ ہے 😋 😎😜لوگ جلنا نہیں چھوڑتے اور ہم جلانا 🔥🔥 محفل_سخن,0
وہ ایسا تو نہیں تھا کہ مجھے یکسر بھلا ڈالے ناجانے اس پہ کیا گزری پلٹ کے ہی نہیں آیا🔥,0
بہت خوب سبحان اللہ 👏💐,0
پٹواری ہر جگہ مفتہ ڈھونڈتے ہیں۔😂,1
آمین..شکریہ.سر❤💓❤,0
تسی ضرور کج کراو گے۔ 🙏😂,0
کدو 200 روپے گَز ٹینڈے 100 روپے فُٹ مولی 300 روپے میـٹر شاعر کا نام بتائیں؟ 😂😂,1
گبر شیرازی صاحبہ کو ہمارے گروپ میں شامل ہونے کی دعوت دو۔۔۔😆😆,0
عمران خان کو یہ کریڈٹ تو دینا پڑے گا کہ اپنے ساتھ ساتھ اپنے لانے والوں کو بهی ذلیل کروا رہا ہے ... اور یوتھیے بےچارے فی سبیل اللہ ذلیل ہو رہے ہيں مان گئے مرشد ایک تیر ميں تین تین شکار۔ 😝 StateAboveStateRejected IGSindh,1
جزاک اللّٰہ الخیر 💐💐,0
هســـــتم بـر آن عـــــهـد ے ڪـہ بســـــتـم تـــــا پـاے جــان بـا شــــــــــاهـــــزاده رضـا پــــــــــہلـوے هـسـتم 💙💙💙💙💙💙💙💙💙💙💙💙💙💙💙💙,0
نسلوں سے گھریلو ملازم ہیں یہ بیچارے شریفوں کے۔اپنے مالک کی وفاداری اسی طرح بیچارہ شو کرسکتا ہے۔اسکا دادا شریفوں کا ملازم تھا اور یہ ہوا شریفوں کا تیسری نسل کا ملازم ۔سو یہ بیانات کسی سیاسی ورکر کے نہ سمجھا کریں ،بلکہ یہ بات ایک گھرکے ملازم کی ہے۔اسی لیول کا ری ایکٹ کریں😉😉,0
تمام سندھ پولیس افسران نے اجتماعی طور پہ شمالی علاقوں کی سیر کے لیے چھٹی لی ہے اور لوگوں نے بات کا بتنگڑ بنا لیا ہے۔۔۔۔۔,1
بے بی بلاول، زرا غیرت دکھاؤ اور حکومت سے استعفیٰ دو یا مان لو کہ تم اور تمہارا وزیراعلیٰ سب سے بڑے کٹھ پتلی ہو 😂😂😂,1
تُسی گریٹ او کھاؤ جی 😜😜😜,0
بات کر لیا کرو مجھ سے 💔 موت کا سیزن ہے 😕 کیا پتہ کل کو 😐 ۔ ۔ ۔ ۔ ۔ آپ لوگ پھڑک ہی جاو 😂,0
"""غدار"" چینل جیو کے حامد میر سے عمران خان کی ملاقات..
#یک_رنگی
#sarcasm",1
یہ پہلے تو ایسی نہیں تھیں پر اچانک ہی اتنی تبدیلی آئی ہے تاکہ ہینڈسم وزیر اعظم کے بعد بیوٹیفل وزیر اعظم صاحبہ ملیں ہمیں😝😝,1
شیدا ٹلی نے ٹلی ہوکر ڈھز ڈھز ڈھز😂😂,0
مُلاں فضلونڈو کی بیٹی کو چودے بکرا آنڈو۔ 😜😂😂😂,1
 '' کتنی پیاری گواہی ہے '' اَشْهَدُ اَنَّ مُحَمَّدَالرَّسُوْلُ اللّٰهْ `` ❤️⁩😍,0
 پٹواریوںکیمادرملت بلاول زرداری کا کوئٹہ جلسے میں شرکت سے انکار فضلرحمن کا انقلاب گیا تیل لینے ,1
ایک وہ بھی خنزیر کا بچہ ہے جس نے مادرملت پر بہتان لگائے تھے آج وہ خنزیر کا بچہ غدار گنجے شیطان کا خاص رشتے دار ہے 😡😡😡😡,1
 ایک سے بڑھ کر ایک لطیفہ ہمارےہاں پایا جاتا ہے😄وزیراعلیٰ سِندھ کےمطابق صفدر داماد شریف صاحب نے مزارِ قاٸد پر قانون توڑا ہ…,1
وہ رپلائی تک نہیں کرتی 😒 اور میں اس سے 17 بچوں کی امید لگاے بیٹھا ہوں 🤣🤣,0
"ادارے کی باتیں باہر کرنے کی ضرورت نہیں ہوتی،چیف جسٹس 
ججز خود پر لگے الزامات کا جواب نہیں دے سکتے،چیف جستس
سنی سنائی باتوں پر سوشل میڈیا پر الزامات نہ لگائے جائیں
فیصلوں پر تنقید کریں ججز کی ذات پر نہیں،چیف جسٹس https://t.co/mdVqb6fNlU",1
 یوتھیوں کے دماغ میں نا جانے کونسا کیڑا جو انہیں کہتا ہے تبدیلی ہلے ہور آئے گی بس ساتھ نا چھڈنا 😂,1
عثمان بزدار کا مذاق اڑانے والے، گالیاں دینے والے اپنے صوبے میں آرمی چیف سے مدد مانگ رہے ہیں کہ تحقیقات کریں `` صفدر کو کس نے گرفتار کیا '' 😂 COAS DGISPR Dgranger,1
آمین۔۔جزاک اللہ خیر علی🙌🌷,0
مادر ملت زندہ باد ✌ ایوبی آمررایت مردہ باد 👎 ووٹ کو عزت دو ✌,0
تسسی گل بھولدے نہیں کدو وایكهدا حلے وی کے مشوانی کدی تے مڑ ے گا 😁,0
"@Tabdeeli_Lover @Lalika79 @meddytweets یہ گفتگو ایک مزاح کے طور پر تھی
پورا کلپ سنیں تو بہت دلچسپ ہے",1
لگتا ہے کامران خان کے کوئ ویڈیو PTI کے ہاتھ لگ گئ ہے😂,1
آریحائی فوج نے ملازمت چھوڑ کر کھیتی باڑی کرنے لگے۔ آرائیوں کا پیشہ ذراعت اور باغ بانی ہے۔ پیاز اگانے،کھانے اور سالن کوپیاز کا تڑکا لگانے کا طریقہ بھی تمام اقوام نے انہیں سے سیکھا۔ آرائیں عربی نسل سے ہے مگر عرب سے عجم تک کے سفر میں انکی زبان اور تہذیب میں نمائیاں فرق آیا ہے۔ 👇😅,0
اس آنٹی نے کہیں گائے موتر زیادہ پی لیا ہے جس کی وجہ سے ڈرامہ کر رہی ہے 😂😂😂🖐️,0
پل بھر میں کیسے بدلتے ہیں رشتے اب تو ہر پٹواری جیالا لگتا ہے 🤣😁😝,1
😆😆😆😆یہ چپچپا کیڑا ہے,0
 سنا کے حال پرچم کو مجھے محسوس ہوتا ہے میرے غازی ع میری باتوں کو بہت خوب سنتے ہیں♥️,0
اللہ سوھنا آپ سب کو اپنی حفظ و امان میں رکھے آمین ❤️,0
آپ محلے میں جس سے چاہیں ہمارے بارے میں پوچھ سکتے ہیں بس وہ جو چوتھے نمبر پہ گھر ہے وہاں سے مت پوچھیے گا وہ ہماری پھوپھو کا گھر ہے😔😔😕😒😒🙈,0
پہلے بیچ کو اپنی بے قدری کا احساس ہو رہا ہے 😃,0
"😂جسے مسکرانا نہیں آتا وہ ٹویٹ پڑھ لے، شاید وہ مسکراہٹ نہ روک سکے۔
مگر کرنل افتخار صاحب نے مزاح لکھا ہے، اسلئے گالی بریگیڈ اسلحہ نہ ان پر ضائع کرے اور نہ مجھ پر کیونکہ ابھی پیوٹن نے بھی ادھر آنا ہے😂 https://t.co/ReRDQmm2z0",1
 `` کچھ لوگ محبت کے لیے بنے ہی نہیں ہوتے '' 🔥👏 🥀 '' بس دو چار دن کسی کو اچھے لگ سکتے ہیں '' لیکن ... محبت نہیں ہوتی ان سے اور شا…,0
پڑنے دو 😂😂,0
اگر آپ اپنی بہن کیلئے شیر ہیں تو کسی کی بہن کیلئے کتے مت بنیں 🙂🔥,1
یہ تو عامر لیاقت لگ رہا ہے۔ بے شرمو جو کام نہیں آتا وہ کرتے کیوں ہو😂😂,1
 ❣️ زندگی کو اتنا سیریس لینے کی ضرورت نہیں ہے۔ یہاں سے زندہ بچ کر کوئی نہیں گیا___ عزو,0
میری لوگوں سے نہیں بنتی 💔 مجھے خدا کے پاس جانا ہے 😔,0
یہ پیپلز پارٹی کا لیڈر ہے یا بدمعاش، اور وہ بھی کھسرا ,1
"دو سینئر معتبر صحافی اک  خفیہ ملاقات کی خبر پے آپس میں چڑی  چھکا  کھیل رہے ہیں 
چاہتے ہیں خبر لوگوں کو پتا بھی لگے اور ان کا نام بھی نہ آئے 
بیان میں ادب بھی ہے مزاح  بھی شرارت بھی 
مجھے ڈی  ایم کر دیں میں بتا دیتا ہوں 🤦🏃🏃🏃🏃

@realrazidada @AbsarAlamHaider",1
خان صاحب آپ صرف مہنگائی کم کریں ان اپوزیشن والوں کو ہم نے کراچی لاہور اور گوجرانوالہ کی سڑکوں پر ذلیل نہ کیا تو ہم بھی آپکے سپورٹرز نہیں💪,1
پاکستانی سیاست دو دھڑوں میں تقسیم ہوچکی ہے۔ ایک دھڑا پرو عمران اور دوسرا دھڑا اینٹی عمران ہے جبکہ اپوزیشن پارٹیوں کی الگ الگ شناخت ختم ہوچکی ہے۔ اور یہ عمران خان کی بہت بڑی سیاسی کامیابی ہے 💪,0
 لوگ وہی خوبصورت ہوتے ہیں جن سے بات کر کے دل ہلکا اور پر سکون ہو جائے❤️🔥🔥 ✍️✍️✍️,0
جنی مرضی کوشش کر لو ۔۔مایا نے کج نہیں دسنا تہانو 😂😂😂,0
"#آئےناں_کنٹینرتے
کنٹینر کی سیاست پر تنقید کرنے والے آج خود کنٹینر کی سیاست چاہتے ہیں مگر ان کے پاس نہ
عوامی مقبولیت ہے اور نہ ہی استعداد ۔ ماضی میں کنٹینر کی سیاست آئین کی بالادستی کیلئے تھی ۔ آج ان قومی چوروں کو بچانے کیلئے ہے، جنہیں باشعور پاکستانی عوام مسترد کرچکی ہے۔",1
موسیقی، مخلوط تعلیم اور سیکولرازم کی مخالفت ہی ہماری ترقی کی راہ میں اصل رکاوٹ ہے۔ یہ مخالفت ختم نہ ہوئی تو ہم کبھی ترقی نہیں کرسکیں گے #طنز,1
کچرا پارٹی سے دور جانے لگا ہوں 😜,1
میں خود کو نہیں میئسر تم میرے لیے ترستے ہو 🥀🌝,0
ن لیگ کے پڑھے لکھے سپورٹر سے گذارش ہے کہ گوگل سرچ کرکے لکھے top10 corrupt politician world 🤔😅😅😅,1
تھے ۔ان کی تجارت پورے عرب میں پھیلی ہوئی تھی۔اس دوران ان کا ایک تجارتی قافلہ شام سے لوٹا۔ اس قافلے میں ایک ہزار اونٹ تھے ۔کھانے پینے کی اشیا کے ساتھ جب یہ قافلہ مدینہ کو پہنچاتو لوگوں کو تھوڑی راحت ہوئی ۔بچے بوڑھے خوش ہوئے لیکن جیسے ہی یہ قافلہ مدینہ پہنچا 👇,0
ثابت ہوا کہ ہمیشہ مسکراتے رہیں 😁😃😅😂,0
 ﺍﮔﺮ ﺁﭖ ﻭﺍﻗﻌﯽ ﺧﻮﺩ ﮐﻮ ﺍﻣﯿﺮ ﻣﺤﺴﻮﺱ ﮐﺮﻧﺎ ﭼﺎہتے ﮨﯿﮟ ﺗﻮ ﺍﭘﻨﯽ ﺍﻥ ﭼﯿﺰﻭﮞ ﮐﻮ ﮔﻨﻨﺎ ﺷﺮﻭﻉ ﮐﺮ ﺩﯾﮟ ﺟﻮ ﭘﯿﺴﮯ ﺳﮯ ﻧﮩﯿﮟ ﺧﺮﯾﺪﯼ ﺟﺎ ﺳﮑﺘﯿﮟ♥ فروغ_…,0
کوشش تو بہت کرتے ہیں مگر دن بہ دن بےحیائی بڑھتی جا رہی ہے۔ یہ بھی قیامت کی نشانیاں ہیں رسول اللہﷺ نے فرمایا جب بےحیائی عام ہوجائے تو بھی قیامت کی نشانیوں میں سے نشانی ہے 🙏,0
اپوزیشن کے اتحاد سے ایک فائدہ تو ہوا لعنت الگ الگ بھیجنے کی ضرورت نہیں '' اجتمائی لعنت '' کا آپشن استعمال کریں اور اپنا وقت بچایں 😂🖐️🖐️,1
مجھے بھی نہیں ایڈ کیا گیا ,0
 ہاہاہاہاہ شیرنی ہے شیرنی😍😍😍😍😍😍,0
 ایک بندہ استعفیٰ دے رہا ہے مگر ایک بندہ لے نہیں رہا گیم آن اور دلچسپ مرحلے میں داخل 💪,1
 نہ جی بھر کر دیکھا نہ کچھ بات کی بڑی آرزو تھی ملاقات کی ... ..❣️,0
 پھر تو اسکا چیخنا بنتا ہے😂😂😂😂,0
کیپٹن صفدر کو پہلے تو موقع یا جگہ نہیں ملتی، مل جائے تو چھاپہ پڑ جاتا..😜,1
"مجھے مولوی حضرات پہ بہت غصہ آتا ہے،
جب کسی کے جنازے کے علان میں کہتے ہیں فلاں نماز کے بعد
اب ہمیں پتہ نہیں چلتا نماز کا کیا وقت ہے 😓

#Sarcastic https://t.co/DDvrC8LljD",1
@sanabucha دو ہی صورتوں میں یہ اپوزیشن کے قائم کردہ ایجنٹ نما صحافی اس قدر شدت کے ساتھ دشمنی کرسکتے ہے یا تو عمران خان سے ان کو گھریلو مسئلہ ھے یا پھر جان بوجھ کر پیسہ لیکر تنقید کرنے کا ٹاسک ملا ہوا کوئی تیسرا آپشن سمجھ نہیں آتا مجھے۔۔,1
اسکا بھی اپنے باؤ جی کی طرح خوار ہونے کا وقت ہُوا چاہتا ہے😂😂,1
ہنڑ ویکھو خان صاحب اناں دا کے حشر کر سی😂😂,1
اسی گل دا تے ڈر اے اسی فیر کڑی کتھوں بھر کے دیاں گے ایہنے تے مار دینی اے😂😂😂😂,0
تاریخ گواہ ہے مجھ معصوم کو ہمیشہ چوروں سے ہمدردی رہی ہے 😋😋😋😁😁😁,1
فلحال تو اس نے عمران خان کو عزت دی ہیں نا، صفدر کے ہوتے ہوئے قطری کو عزت دینا تو اپ فخر سمجھتے ہونگے ویسے👏👏👏,1
افففففف مینو کوئ سمجھ نہیں لگ رہی کی ہو ریا سارے نوٹی گڈ مڈ ہو پڑے 😣😣😒😂😂,0
یہ آئی جی سندھ وی ہیں جس کو سپریم کورٹ سے سزا مل چکی ہے 2018😝😝😝کہ یہ آصف زاردری کے خلاف گوہوں کو ہراساں کر…,1
کیسی عورت ہے یہ مریم صفدر، ایک دن کیلئے کراچی گئی ہے اور پورا صوبہ آپس میں لڑوا دیا ہے 😂😂😂😂,1
نواز شریف نے اصل عمران خان کو جگا دیا ہے اس موقع پہ جیل میں موجود شہباز شریف کیلئے کہنا چاہتا ہوں `` آپ نے گھبرانا نہیں `` 😜😛,1
پھر اسی کیپٹن صفدر نے ھلا ڈالا نا سب کو۔۔۔۔ اب بھاگتے پھرو یہاں وھاں۔۔۔۔ ھیرو تو وہ ھے۔۔۔۔👍🏻,1
 لے ڈوبی ہمیں عادت `` صبر '' کی۔ 💔🔥,0
میں اگر لکھتا تو باجوے کے ساتھ کامران خان فری 😝😝😝😝😝,1
بالکل بچیاں آ جائیں تو اُن سے بھی کہتا ہوں 💌,0
ہمارا عدالتی نظام اور میڈیا مکمل آذاد ہے سر غصہ نا کریں الٹی گنتی کے حساب تو ان سب سے بہتر ہے 😜,1
 تجھے مناؤں کہ اپنی انا کی بات سنوں 🍁 دیکھ دونوں کی لڑائی میں جدائی جیت جائے گی 🔥,0
جزاکِ اللّٰہ ❤️,0
 ہر کتے بلے کے گرفتار ہونے پر نانی نے اپنی ڈی پی بدلی ہے لیکن ڈرائیور کے گرفتار ہونے پر ڈی پی نہیں بدلی 😜 ڈرائیور کو عزت…,1
عمران خان نے پاکستان کو ایک پرامن ملک بنادیا ہے اسکی تازہ مثال اپوزیشن کے جلسے ہیں جہاں شیر🐅، بکری 🐐، زیبرا🦓 سب ایک ہی گھاٹ پے جمع ہیں😂👉,1
 RF_PG فالو بیک لسٹ💯,0
مراد علی شاہ ہینڈسم بھی ہے 🙉,1
مختصر یہ ہے جنکو ہم کھونا نہیں چاہتے،، 💔 وہ ہمارے ہونا نہیں چاہتے، محفل_سخن,0
کوئی ہمارا بھی تھا😔😔 مرشد💔💔 نہ جانے کب کی بات ہے😭😭,0
 سستے بازار میں چیزیں کسی اور سیارے سے آتی ہونگیں۔ 😂😂,0
او جی بسمہ اللہ 💝,0
دنیا میں ملک نام پاکستان کا بھی ہے جس کے ایک سابق وزیراعظم پر دن دھاڑے قاتلانہ حملہ ہوتا ہے مگر اسکا پولیس عملہ 48 گھنٹے گزر جانے کے بعد بھی اسکی ایف آئی آر تک درج نہیں کر پاتا? کیا اس ملک میں کوئی انصاف نام کا مطلب سمجھتا ہوگا,1
"والے آپ کو دھمکیاں دیتے ہیں۔ 
یقین کریں جب آپ سیاست دان نہیں بنیں گے تو آپ پر تنقید کوئی بھی نہیں کر سکے گا۔ پاکستانی عوام  آپکے دشمن نہیں سپورٹرز ہیں اور آپ پاکستانی عوام کہ مالک نہیں محافظ ہیں۔ 
لوگ کس کو منتخب کرتے ہیں یہ لوگوں کا درد سر ہے۔ ملک ترقی کیسے کرتا ہے یہ سیاست 
👇",0
😊اُف مُجھے چھماں آ رئیی ہیں 👻👻,0
مطلب پی ڈی ایم والو کو کتے جتنی بھی اہمیت نہی دی 😜🤣🤣🤣,1
لندن سے عظیم پاکستانیوں کا نیا نعرہ مارکیٹ میں آ گیا گلی گلی میں شور ہے فلیٹ کے اندر چور ہے,1
میں اپ ڈیٹ ای نہیں کیتا 😂,1
عام آدمی کو جلد ریلیف فراہم ہوگا لیکن تم لفافوں کو جب تک نوالہ نہیں ڈالا جائے تب تک تمھیں یقین نہیں آتا 😂,1
عجیب مصیبت ہے🙆,0
 پولیس چھٹی مانگ رہی ہے یہ نوبت مارشل لاء میں بھی نہیں ائی تھی 😷 😷 😷 😷 😷,1
 رپورٹ آنے دو پھر سندھ پولیس کے حوالات میں تم سب کھڑے ہوگے😂,1
یعنی پچھلے ہفتے پاء پلیٹلیٹئے کا برطانیہ میں بیٹھ کر بھونکنا بیکار گیا 😁؟,0
نہیں سب کے اپنے اپنے 😂,0
 ختم ہوا تجھے پانے کا جنون '' اِنَّا لِلّٰہِ وَاِنَّآ اِلَیْہِ رَاجِعُوْنَ `` 💔🙄,0
دل کرتا ہے ایک دن زہر دے دوں دعوت پہ بلا کر ساری خواہشات کو ؀ اشفاق احمد ♥️,1
گوارہ نہیں ہے اگر میری صورت💔 دعا ہے تمہیں میں نظر ہی نہ آؤں✌️,0
اتنا ہی کافی ہو گیا ہے😐 ہیٹ یو😐,0
نہیں چاہیے 😂 🤣,0
یہ اصل میں بھی یہی کرتے ہیں تبھی تو جرائم ختم نہیں ہوتے 😂,1
وہی تو عرض کرنے کی کوشش کر رہا ہوں کہ دونوں کیلئے ڈھنگ کے کھسم مر گئے تھے کیا 😁؟,0
وجود جتنا بھی حسین ہو `` 🍁 کردار بازی لے جاتا ہے `` 🥀❤,0
آپ نے بلاول سے لیے ہیں کیلے کلو کے حساب سے؟ ,1
جب بات وفاداری سے اداکاری پر آ جائے تو ایسی فنکاری سے پردہ داری بہتر ھے•,0
سہی سن لیا🙈,0
وہ شخص جو میرا کھبی تھا ہی نہیں۔۔🔥 اس نے مجھے کسی کا ہونے بھی نہیں دیا۔۔😌,0
مریم کی چیلی درجن حنا پھٹنی تصویر دیکھتے ساتھ برنول بھی پاس رکھ لینا ,1
جزاک اللّٰہ الخیر 💐💐,0
کمال کردے نے اے لوک 🤦🏻‍♂️🤷‍♂️🤭,0
 دنیا کا یہی دستور شاید پرانا ہے جن سے من لگتا ہے دکھ بھی وہی دیتا ہے ۔۔ 🍁🍁,0
ھن لے مزے تو ڈھولا تبدیلی دے روٹی نہیں تو کیا ھوا پاپا جونز کا پیزا کھاو 🍕🍕🍕🍕🍕🍕,1
 ہمارے سبز ہونے پر نہ جانا ہمارے دل پہ کائی جم رہی ہے 💚 سیماب ظفر,0
پاکستان میں تبدیلی کہ اب آلو200روپےدرجن😅 انڈے200کلو☺ آٹا600روپےلیٹر😁 چینی 100 روپےمربع فٹ😄 سونا1لاکھ روپےکلومیڑ😉,1
پاکستان کے بلیک لسٹ ہونے کے امکانات ختم 💪 ترکی، چین اور ملائیشیا پاکستان کو ووٹ دیں گے FATFWhitelistPakistan,0
اج توں بعد بابا جی دی چنگی گلاں لکھیا کرو ، شاید عزت بچ جائے بابے دی 😂,0
SHABAZGIL جب کتے زیادہ بھونکنے لگے تو ان کے آگے رکھنے کیلئے ہڈیوں کی تعداد بڑھا دواقوال کرائم منسٹر شوباز شریف برادر گوالمنڈیلا لندن والے سے اقتباسامپورٹڈحکومتنامنظور امپورٹڈعدالتیںنامنظور,1
😂😂😂😂😂😂😂 بالکل او ماردے گھٹ تے گھسیٹتے بہتا نے تے نالے تین تین دن آسطے لمکان دا حکم وی دے دیندے 🤣🤣🤣,0
پشاور ہاٸیکورٹ نے لیگی رہنما امیر مقام کے خلاف FIA کے تمام کیسز کی سفارشات رد کر کے امیر مقام کو باعزت بری کر دیا اور سنائیں 😃 اور ساڈھے لائق کوئی دھڑکن_نواز,1
 جن نظروں کو ہم اچھے نہیں لگتے😒😒😒 اللہ کر ے ان نظروں کو عینک/چشمے لگ جائے😝😂😂,1
"دیکھا جائے تو ہے تو صرف مذاق ہی !
لیکن کس کا ؟  😂
ہمارا ؟ ایسے حکمرانوں کا ؟ یا #ChiliMili کا ؟  😂 
#sarcasm 😂 https://t.co/LJgkCI59i2",1
😂😂😂😂 گلاں توں تے لگ ریا,0
@Dr_AyeshaNavid افسوس بہن جی ۔۔غصہ کہیں کا نہیں چھوڑتا تنقید ضرور کریں ۔۔,0
سندھ کی پولیس بھی سیاسی ھے اور سندھ حکومت کے ڈر سے ایکشن نہیں لیتی ۔۔ پنجاب میں ایسا مت کرنا ورنہ قطری پھر تیرے گیراج میں جھاڑو پھیر دے گا ۔ 😂😁😀😜😆😂,1
ہم ذرا میڈیا کا کردار ڈسکس کرلیں پاکستانی کی تحاریک میں پھر  فنکار برادری  کا بھی کریں گے ,1
تو آپ مریم کو ٹیگ کر کے کہیں کہ ن لیگ کو عوام نے عیجکٹ کیا اور سپانسرز نے ریجیکٹ کر دیا ,1
 اپنے کردار پر ڈال کر پردہ۔۔ ہر شخص کہ رہا ہے 💯👍 زمانہ خراب ہے,1
صَقیل😐,0
نہ چھیڑ غریباں نوں ذکی۔۔۔۔۔ او وی مہینے دی 21 تاریخ نوں۔۔۔ 😔😔😔,1
جزاک اللہ 🍃🌸🍃 ہمیشہ خوش رہے ۔اللہ تعالٰی ساری مشکلات پریشانیوں کو دور فرمائے صحت و تندرستی عطا فرمائے گھر میں رزق میں خیر و برکت عطا فرمائے آمین🍃🌸🍃🌸🍃🌸🍃,0
 کبھی کبھی جو ہمیں اچھا نہیں لگتا وہی اچھا ہوتا ہے۔ جیسے نزلہ زکام۔میں سوپ اور جوشاندہ 😑,1
انشاءاللہ بہت جلد فارن فنڈنگ کیس میں کپتان کی کشتی ڈوبنے والی ھے اگر یقین نہیں تو سکرین شاٹ لیں لئے 👊,0
جتنا کر دیا وہ بھی بہت ہے۔ اس سے زیادہ کیا بچے کی جان لیں گے۔ ؟؟ 😎😎😎,1
 مارکیٹ میں سکرین شاٹ آنے والے ہیں اپنے اپنے لنگوٹے کس لو خاندانی لوگ سکرین شاٹ لگانے شروع ہو گۓ ہیں ✌️😁😂,1
انڈیا نے تو سوشل میڈیا پر کراچی میں سول وار شروع کروائی تھی 🙏🤣 لیکن پاکستانیوں نے مودی کو مار کر سارا کھیل ہی ختم کر دیا 🎭 IndiatoEnd_ia,0
صورتیں کتنی ہی خوبصورت کیوں نہ ہوں. ❤😞 نصیبـــوں کــــی مـــحتاج ہوتــــی ہیـــــں. 💐,0
آخر مخصوص نشست اسی کام کے لیے ملی ہے بھونکا اور بھونکا 😀,1
اسد بھائی اس سلیکٹڈ کی کیا اوقات میاں صاحب کو لانے کی میاں نواز شریف صاحب جلد ہی واپس آ کر اس کی منجی کو ٹوکیں گے بھڑکیں مارنا اس کی فطرت میں شامل ہے😄😀,1
 وعلیکم السلام ورحمتہ اللہ وبرکاتہ اللہ پاک اپکو اور آپکے اہلخانہ کو ہمیشہ خوش آباد اور سلامت رکھے 💐,0
"وزیرِاعظم بنتے ہی ابا کی قبر پہ جانا ضروری تھا۔ مقصود یہ تھا کہ قبر کے پاس کھڑے ہوکر کہہ سکیں۔ اباجی! دیکھیں آپ کا بیٹا وزیرِاعظم بن گیا ھے۔
اباجی نے زمین پہ ضرور درخت لگایا ہوگا جس کے بدلے انہیں جنت میں ایک گھر ملا ہوگا۔ وہ اس گھر میں ہونگے۔ حوریں اپنے خیموں میں ہونگی۔
#Sarcasm https://t.co/QobatYA6XI",1
جن کے فالورز کم ہیں وہ فالورز حاصل کرنے کیلۓ 1  ریٹویٹ کریں۔ 2 کمینٹ میں اپنا ہینڈل  مینشن کریں 3 ایمانداری سے کنفرم فال…,0
کل تک جو تھے ایک دوسرے کو گھسیٹتے آج ایک دوسرے کو گھسیٹ رہے ہیں پی ڈی ایم کی شکل میںایک خان سب پہ بھری,1
واہ واہ صاحب بہت اعلی ,0
یہ سب کرکے موجودہ سیاسی منظر نامے میں پیپلزپارٹی ان ہوگئی ہے ورنہ نون لیگ اور نواز شریف ہی نظر آرہے تھے,1
ہم بہن بھائی ہیں گل ختم ٹویٹ ہضم 😝😝😂,0
تلفظ، انداز بیاں اور انتخاب بے حد کمال,0
آپکی تو پھر بھی سنی گئ میں تو 11 سال سے کہہ رہا نہ کسی نے پروموٹ کیا نہ فالورز میں اذافہ ہوا خان کا سپاہی ہوں اسلیئے ہار نہیں مانتا ہارتا وہ ہے جو ہار مان لیتا ہے 😊👍,0
پچھلے دس  پندرہ سالوں سے ایسے ہی لاپتہ افراد کے کیس کو مزاق بنایا جاتا رہا، اب تو  اپنے سیاسی طنز مزاح کے لئے بھی آپ بے شرمی سے جملے کس رہے ہیں۔۔ شیم شیم https://t.co/mA1MaNN4RV,1
شکراً 🙏 آپ بھی خوش رہیں سلامت رہیں آباد رہیں آمین ثم آمین 🙏,0
ڈن 💯,0
میں شتر مرغ کے انڈے کی بات کر رہا تھا/تھی۔😜😜😜😜,1
یعنی اب سٹار بننے کی پکا ارادہ ہے😝😂,0
 آرمی چیف نے کراچی واقعات کی رپورٹ طلب کر لی گیم تو اب شروع ہوئ ہے,1
@pak14_8 آپ لگے رہیں  ہر کسی کی اپنی رائے ویسے میں بھی مانیکا خاندان پر تنقید کرتی ہوں 😅😅,0
سندھ حکومت نے تیس دن کی مہلت مانگی ہے بس یہ پتہ کرنے کے لیے کہ سندھ آئی جی کو گودی میں اُٹھا کے لے گئے تھے یا سر پہ بیٹھا کہ۔۔۔؟ ہم بیوقوف ہیں جو ان کتوں کے لیے اپنا قیمتی وقت ضائع کردیتے ہیں۔ہونا کچھ بھی نہیں۔ 🙅‍♀️🙅‍♀️🙅‍♀️ چھترول لگاوُ اور سچ اگلواوُ۔,0
فلسفہ حیات ہے انجم بھائی 😅,0
"@MehrTarar بھاڑ میں.

 #sarcasm",1
*کبھی کبھی ... خاموشی کی چیخیــــں اتنی بُلند ہوتی ہیــــــــں ... کہ کوئی اور بات کرنے کو دل ہی نہیـــــــــں چاہتا ... ... 😏💔🙁 مارخورز محبت_کے_رنگ,0
اسی لیئے کہا ہے کہ 🍼🍼 ختم کرکے آ جانا,0
فرشتے میں عقل اور جانور میں خواہش ہوتی ہے لیکن انسان میں دونوں ہوتی ہیں اگر وہ خواہش دبا لےتو فرشتہ اور عقل دبا لے تو جانور ... 📌,0
بہت شکریہ 🙏سلامت رہیں,0
میرے خواب خیال سبھی تمھی سے ہیں منسلک جاناں❤️,0
یار یہ رونا اور رولانا ضروری ہے کیا 😜,1
یہ آپ نے اچھا کیا سارے پین یکوں کا ایک ہی گروپ فوٹو بنا دی ۔اب اجتماعی لعنت ان گشتی کے بچوں پو بھیجنا آسان ہو گی ۔😂,1
ویرے😜😜😜😜😜کچھ زیادہ نہیں ہو گیا 🙈🙈🙈✌✌✌✌✌ تو تھوڑا سا کم کرو,0
ابھی کل ھی کی بات ھے کہ اک گیٹ نمبر 4 کا چپڑاسی اورپنڈی کا مصلی کہتا تھا نانی اور بلاول بچے ھیں🙎‍♀ نانی نے پڑنانی یاد کروادی او…,1
جا میں نی بولدا ۔۔ 😩,0
*ہجر دیجئے ... .. صبر دیجئے ... کوئی کشادہ قبر دیجئے💔 *محبت تو دے نہ سکے `` آپ `` 🙏 ایسا کیجئے زہر دیجئے، GOOD_NIGHT,0
 اس منافق معاشرے کی عجب ریت ہے طوائفیں بدچلن اور گاہک شریف ہے 🤦‍♂️🙅‍♀️,1
بات نہ کرنے سے محبت کبھی ختم نہیں ہوتی محبت کے لیے رابطے کی ضرورت نہیں ہوتی یہ تو ایک احساس ہے جو ہمیشہ ساتھ رہتی ہے 💔 محفل_سخن,0
شرافت اور پاکستان دومختلف چیزیں ہیں 😢,1
 اسپیشل پروموشن ایکٹو فالورز کے لئے اگر آپ🌏🔀 ریٹوئیٹ کرکے فالو کریں اور فالو بیک دیں تو صبح صبح آپ کے کافی سارے فالورز پکے…,0
شہ 😎,0
ہم تقریبا 7 لاکھ جوانوں کو فوج کہتے ہیں اور یہ جاہل یوتھیے صرف ایک جنریل کو ہی پوری فوج سمجھتے ہیں ۔,0
محمود اچکزئ کہتا ہے اردو زبان ھماری نہیں ہۓ۔ یہ بات بھی اچکزئ صاحب نے اردو میں کہی ہے 😂,1
آپ نے مینشن تو کیا ہوا دوسرے نمبر پر 🤨😑,0
ویل ڈن سندھ پولیس ,0
😂😂ابھی ابھی میرے زہن میی بھی یہی بات ائی۔,0
گاندھی نے قاتل کا نام بتایا ہوگا۔۔ 😂😂😂😂,1
آپ کی Paid Enteainment دیکھتے دیکھتے بال سفید ہو گئے لوگوں کے، لیکن کمال یہ ہے کہ آپ جیسے چوتیوں کو جھوٹ اور پروپیگینڈے کو enteainment کہنے میں تھوڑی بھی شرم نہیں آئی۔ خیر قصور آپ کا نہیں، گندہ خون یہی کچھ کیا کرتا ہے 😋😋😋,1
حسن لہ زوال شتہ مینہ نہ لری زوال,0
 کسی نے یہ بھی دعویٰ کیا تھا کہ نواز شریف مر جائے گا لیکن لندن اعلاج کروانے نہیں جائے گا 😂,1
بھارت 🇮🇳 کے اس پروپگنڈے کی ایسے بینڈ بجائی جا رہی ہے جیسے لداخ میں چائنا 🇨🇳 نے بھارتی فوج 💂💂 کی بینڈ بجائی ہے۔ KarachiCivilWar,1
اسی لئے تو ہمیشہ کیلئے سلوا رہی ہوں بڑے هو کر کیوٹ نا رہے تو ,0
شہباز شریف کا عمران خان کی سیاست پر تنقید کی بجائے خاتون اول پر گندے حملے کرنا ظاہر کرتا ہےکہ اگر دلیل نہ ہو تو بندہ اسطرح کی گھٹیا زبان استعمال کرتا ہے بڑا بینظیر پر ذاتی حملے کرتا تھا اور چھوٹا اسکے نقش قدم پر چل رہا انکی سیاست محض عورت پر کیچڑ اچھالنا، کرپشن اور لوٹنا ہے۔ لعنت,1
 پٹواریوں_کی_مادرملت بلاول زرداری کا کوئٹہ جلسے میں شرکت سے انکار فضلرحمن کا انقلاب گیا تیل لینے.. 😀😀,1
22 کروڑ میں سے میرا نام پہلے سے نکالو میں نے میاں چور کےلیے جیل نہیں جانا😅,1
 اور پھر خاک ہوئیں محبتیں دونوں کی ⁦🥀 دونوں نے گھر بساۓ___جُدا جُدا⁦❓,0
وہ تو میں ہوں 😎,0
 رات کو مریم اور بلاول بہن بھائی بنے راکھی باندھی گئ صبح سالے نے بہنوئی گرفتار کرا دیا 😂😂,1
🌸🌷🌷اس کی عظمت کو سلام,0
 پاکستان کے تمام تھانوں کو شاھدرہ کی طرح با اختیار بنایا جائے 🤣😅😜,1
"@Headstonedrive @MirMAKOfficial @GMChaudry1 @ImranKhanPTI @SHABAZGIL @SMQureshiPTI @AzharSiddique @ZafarDar @SafinaKhann @AghaZulfikar @MuradSaeedPTI جسے رائے اور تنقید اور اعتراض کا فرق نہیں معلوم وہ یہاں چول اور رائے میں فرق بتانے آ گئے۔
واہ۔۔۔ 
😅😅",0
رپورٹر آپ کے شوہر کی موت کیسے ہوئی ؟ بیوی زہر کھانے سے رپورٹر لیکن جسم پر نشان کیسے ہیں ؟ بیوی کھا نہیں رہا تھا ,1
حامد میر صاحب اب ان بیچارے کامران خان کو اغواکاروں کی چنگل سے ازاد کرانا آپ کا کام ہیں.😂,1
 نام ہیڈر پن ٹویٹ اپڈیٹ 😌❤ HBD_Hania🎉 😘,1
کوئی خیر اے فیر مجاہد جے اودہی دوست تے اکھ رکھی تے کیویں بیچاری نوں گلیوں چھڈ دیے😂😂😂😂,0
"آرمی نے پریس رلیز کیا کردی، گبارے مین سے ھوا نکنے لگ گئی :-P

#SARCASM
#SOCH",1
اور وہ Ryt والا کیڑا بھول گئے کا ؟ 😂😂,1
اپنی کوششوں پہ افسوس ہے چکن پہ کیا گزری ہوگی اسکی فکر ہی نہیں 😂🤣,0
تنظیم سازی کا بیڑا غرق ھو گیراج ہو یا ھوٹل صفدر بیچارہ ہمیشہ رنگے ہاتھوں پکڑا جاتاھے 🤪😂🤪 🤸,1
@ANWARMAQS00D آپ کی طرح منافقانہ مزاح نہیں کرتا مرشد #ImranKhan,1
اوکے نئیں تے ناں سہی 😏,0
پٹواریاں کا غصہ کرنا بنتا بھی ہے۔۔ ایک کپتان باجی لے گیا دوسرا حکومت۔۔ ایک کو یہ منہ نہیں لگاتے۔۔ دوسرا ان کو منہ نہیں لگاتا۔۔ 🤣🤣😅,1
@umarfar53474973 @WaseemRaja1512 کرنل صاحپ سابق فوجی ہیں مزاح سمجھنے میں انھیں تھوڑی دقت ہوئی ہو گی۔ باقی وہ  شیرجیسے سیاسی کارکن ہیں,1
ایک یہ ہائی بیم لائٹس اور دوسرا وہ بائیکس جن کی بیک لائٹ ہمیشہ بجھی رہتی ہے۔ اب یہ گاڑی والے کی قسمت کہ اس کو بائیک نظر آئے نہ آئے 😖,0
سر، آپ پڑھے لوگوں کی صحبت کا اثر ہے جو آپ لوگوں کی بات میں حصہ لگا لیتے ہیں ورنہ کون پوچھتا ہے 😷,1
بندہ اونج وی مس کر لیندا لازمی اے کہ جو تیرا ادھار لے کے نسے اونو ہی مس کرنا😡😂😂,1
بے شرم حکومت کو شرم آنا چاہیئے چلغوزے 2500 روپے کلو میٹر ہو گئے ہیں بلاول بھٹو 😜😂🤣 نااہل_حکومت_چوراپوزیشن,1
میرے پیارے پاکستانیو اس بار لنڈے سے ہاتھ ہولا رکھنا 75 گورے کو رونا سے مرے ہیں سوچا آپ کو یاد کرا دوں,1
 لوگوں کو دکھ درد سمیٹنے والے مہان کرم چاری ہیں 😂😂😂😂😂😂😂😂,1
ڈن 🍁⚘🌺🌷,0
رورہ غریبی دہ😁😁😁,0
دیکھو ان سیاست کرنے والو کو جن کو یہ بھی نہیں پتا کہ قبر پر نعرے بازی کرنا حرام ہے یہ حلال👎,1
اوووہ اوووہ اوووہ پولیس کی غیرت جاگی اور وہ بھی سندھ پولیس کی😅😅😅😅👎👎سندھ پولیس کی غیرت بھی ثناء کی غیرت جیسی ہے شان نے چوس کر پھنک دیا بیچاری کو,1
اتنا بڑا معاملہ ہو گیا یار کوئی وزیراعظم کو بھی نوٹس لینے کا بولے ڈمی ہے مگر ہے تو PM 😂😂,0
 ترے سوا بھی کئی رنگ خوش نظر تھے مگر جو تجھ کو دیکھ چکا ہو وہ اور کیا دیکھے💗,0
 جزاک اللہ خیر اخی⚘ پاک پروردگار آپ کی زندگی کو خوشیوں سے بھردیں اور صحت و سلامتی عطا فرمائیں__آمین ⚘🌿⚘,0
مان جاونگی چلو اب زرا میرا میک اپ فریش کردو ناں😎,0
بہت خوب ,0
 چلو فیر چلئیے,0
بھائی میں بلکل ریاست کے بیانیہ کے ساتھ کھڑا ہوں اسکی نفی نہیں کر رہا😘😘 افغانیوں کا وہ مکرو چہرہ دکھا رہا ہوں صرف۔۔۔ ما شا اللہ اپ نے بہت زبردست بات کی 😍😍,0
بہت بہت مبارک ہو آپکو بھائی۔ سلامت رہیے شاد و آباد رہئےآمین آمین💓💓💓💖💖💐💐💐🌺🌺🌺🌺,0
اگلا وزیر اعظم مولانا مریم بھٹو 😀😀,1
منٹو خود ایک نامرد تھا جو مردوں کے خلاف لکھتا تھا۔ 😂😁,1
ہہہہہہہہہہہہہہہہہہہہہہہہہہہہہہہ🤣😹😹💕,0
شغلی فرازکی ٹپوسیاں سن کر فردوس عاشق اعوان ہنس ہنس کر صوفے سے پچھاں ڈگ پٸی😄,0
باجوہ ساب نے واقعے کا نوٹس لے لیا بالکل اسی طرح جیسے ایم کیو ایم والے صبح بندہ قتل کر کے شام جنازے میں رونے پہنچ جاتے تھے 😶,0
کاشتکارکو 100/120 من گنے کا ریٹ ملتا تھا- ▪︎2 سال میں گنے کے کاشتکار کو امدادی نرخ پر مکمل ادائیگی یقینی بنائی۔ ▪︎پنجاب میں گنے کے کاشتکار کو 99 فیصد ادائیگیاں مکمل ہو چکی ہیں۔ ▪︎کروڑوں روپے بااثر شوگرمل مالکان سے کاشتکاروں کوواپس دلائے ہیں۔ وزیر اعلی پنجاب عثمان بزدار 2/2,1
پہلے کہتے ہیں نواز شریف کو اقتدار جنرل ضیاء الحق نے دیا پھر کہتے ہیں فوج کا سیاست کوئی تعلق نہیں اے کی سی 😝 اچھا سوری,1
آج میں نے ایک کلو 🍌 کیلے خریدے ہیں یہاں kg میں ملتے ❤️,1
بات تو سچ ہیں بھیا پر بات ہے رسوائی کی 😏😏😂😂👊👊👊,1
اللہ سوہنا آباد رکھے آپ سب کو اسی طرح ہنستے مُسکراتے رہے صدا اللهم امين يارب العرش العظيم 🌹❤️🌹❤️🌹❤️🌹❤️🌹❤️🌹❤️🌹❤️,0
بے نظیر جب پہلی بار الیکشن لڑی تو یہ ساجد میر ہی تھا جس نے فتوی دیا تھا کہ جو عورت کوووٹ دے گا وہ دائرہ اسلام سے خارج ھوجائے گا اور پچھلے دنوں یہی ساجد میر مریم کو عظیم لیڈر قرار دے رہاتھا😀,1
فواد چوہدری کی طرف سے مریم صفدر کو پلاسٹک کی گُڑیاکہنے پر تنقید کرنے والوں کو ایک دن پہلے شہباز شریف کی خاتون اول کے بارے میں کی گئی انتہائ نامناسب گفتگو کیوں نظر نہیں آئی؟حالانکہ اس بے چاری کا تو سیاست سے کچھ لینا دینانہیں ،جبکہ مریم تو عملی طور پرسیاست میں فتنے برپا کر رہی ہے,1
سو بار چمن مہکا سو بار بھار آئی دنیا کی وہی رونک دل کی وہی تنہائی دنیا کی محفلون سے اکتا گیا حون یا رب کیا لفت انجمن کا جب دل ہی بوجھ گیا ہو✨,0
ہاں جی.. سہی کہا آپ نے ✌️پوچھ کر ڈلیٹ کریں گے.. یہ نہ ہو وہ دونوں انجوائے کر رہی ہوں اور ہم ڈلیٹ جر دیں 🙊,0
تمھاری بات پر تمھارے گھر والے یقین نہیں کرتے تو ہم کیوں کرے جوکر 😂، تم نے آج تک سارے بونگیاں جھوٹی ماری، اتنی زیادہ ہے کہ بندہ گن گن کر تھک جائے جیسے عائشہ گلالئی کی میسیجز، شہباز شریف کمر درد، آئی ایس آئی نے پیٹ می گولیاں ٹھوک دی لیکن تم زندہ ہو😂 وغیرہ وغیرہ,0
فوج سے بھی بھاگا ہوا ہی لگتا ہے مجھے 😊😊😆,1
اپوزیشن تو کہتی تھی ہم نیازی کو 5 سال پورے کرنے دینگے پانچ سال تو پورے نہیں ہوے 😝🤦🏻‍♂️ KhanTheOneManArmy,1
وہ وقت آگیا ھے جب ووٹ چور نااہل اور سلیکٹڈ حکمرانوں کو عوامی قہر کا سامنا کرنا پڑے گا مریم نواز کی للکار,1
سندھ پولیس والے تو سب سنگم ہی بم گئے😂,1
نہ جانے آخر اتنا درد کیوں دیتی ہےیہ محبت ہنستا ہوا انسان بھی دعآوَں میں موت مانگتا ہے,0
گر گئے چلو کوئی بات نہیں مگر اٹھنے کی کوشش تو کرو ☀ optimistic,0
"@sonofPakistan_ @MaryamNSharif #sarcasm
سمجھ کر بولو 😂",1
حامد میر صاحب آخر آپ نے حکومت کے ماموں کے بیٹے کامران کی لے ہی لی 😁 کلاس باخدا یقین ہی نہیں آتا کہ یہ لڑکا کامران وہی ہے جو Geo News پر پروگرام کیا کرتا تھا اب تو قوم کو بھی پکا یقین ہو گیا یہ ہی اصلی والا حکومت کے ماموں کا بیٹا کامران ہے,1
السلام علیکم 📢Trnd Ale آج جمعرات شام6بجے ھم ٹرینڈ کریں گے فوج_ہے_تو_پاکستان_ہے اس میں کسی کو شک نہیں اور نا ہی کسی…,1
 عطر سے کپڑوں کو مہکانا بڑی بات نہیں✌ مزہ تو تب ہے کہ کردار سے خوشبو آئے 👉 💫🍂🍃,0
مجھے اس لیے اندازہ ہے کہ میرے گھر کے ساتھ ہی پرائیویٹ سکول آواز ایسی آتی رہتی ہے اس لئے مجھے اندازہ تھا😂😂,0
ڈاکٹر کا بچہ اگراپنے باپ کے ڈاکٹر ھونے کی بنیاد پر خود کو ڈاکٹر سمجھ لے یہ غلط ھے بغیر ڈگری تجربے اور کوشش کے ڈاکٹر کا بچہ ڈاکٹر بن کے آپریشن کرے گا تو وہ نقصان کرے گا۔اور نہ ہی ڈاکٹر کا بیٹا ڈاکٹر بن کر سیدھا اپنے والد کی چیٸر یعنی بڑے ڈاکٹر کے عھدے کو استعمال کرتا ھے 😳,0
 جو میرے ساتھ ہوا تیرے ساتھ نہ ہو کبھی مختصر یہ کہ مکافات عمل بھی معاف کیا🙏,0
شبلی صاحب سے یہ بھی پوچھ لیں نواز شریف کو تو لانے میں ٹائم لگے گا اوہ بھای مریم بھی تو چھ ھفتہ کی ضمانت پر ھے اسے تو پکڑ لیں۔ قوم سے مذاق نہ کریں پلیز🙏,1
 آپ کی رحمت کو یہ بات گوارا ہی نہیں آپ کی چوکھٹ پہ کوئی جائے تو خالی آئے ❤ صلی اللّه تعالی علیہ وآلہ وسلم💚,0
گھر جمائما کا ، پیسہ جہانگیر ترین کا بیوی خاور مانیکا کی ، حکومت فوج کی 😂😂 کیا درویش آدمی ہے نیازی۔,1
ہماری اکنامکس کے مطابق ممالک دو طرح کے ہوتے ہیں 1 ترقی یافتہ 2 ترقی پذیر لیکن خان صاب نے ایک اور قسم بھی دریافت کیا جسے زوال پذیر کہتے ہیں۔۔۔۔ مبارک ہو پاکستانیوں۔۔۔,1
😂😂😂😂آپ کا تو پتا اس کا نہی پتا,0
شیخ حلیم الرائی کو محمد بن قاسم کا ساتھی ہونے کی وجہ سے ملک چھوڑنے کا حکم دیا۔ خلیفہ کی ان ظالمانہ کاروا ئیوں کی وجہ سے آریحائی قوم نے اپنے وطن واپس نہ جانے اور برصغیر قیام کا فیصلہ کر لیا۔ شیخ حلیم الرائی نے آریحائی لوگوں میں زمین تقسیم کی تو 👇😁,0
اسکے لیے ابھی مذید کٸ دہاٸیوں تک آپکو انتظار کرنا پڑے گا😅😅,1
یہ حالات دیکھ کر وفاداری تبدیل کرنے کا چیمپئن ہے 😂,1
نواز شریف اور ریحام خان کی حالت ایک جیسی ہے ایک کو فوج نے طلاق دی دوسری کو خان نے اب دونوں اپنے پرانے کھسم کو کوسنے لگے/لگی ہوتی ہیں 😂😂😂,0
🔄ری ٹویٹ کرنے والوں کو فالو کرتے جائیں سب مل کر فالو بیک دیں گے ہم 🔄,0
"پاکستانی ٹیم نے دل خوش کردیا! 
#JustForFun #Satire #Sarcasm
علامہ اقبال کی روح سے معذرت کے ساتھ https://t.co/lIhiiNkffI",1
وَعَلَيْكُم السَّلَام وَرَحْمَةُ اَللهِ وَبَرَكاتُهُ❃◕❃❥ دعا ◕‿◕ بارگاہ الہی میں دعا ہے کہ اللہ رب العزت آپ کی ہر نیک تمنا پوری کرے ◕❥◕❥❃ صحت عطا فرمائے کسی کا محتاج نہ کرے اور ہمیشہ اپنی پناہ میں رکھے آمین یا رب العالمین◕❥◕❥❃ ❃⊶⊷⊶⊷❍⊶⊷⊶⊷❃,0
 کرنٹ اکاونٹ خسارےکی کمی کی وجہ یہ ہیں 👇 کسادبازاری انٹریسٹ ریٹ کاذیادہ ہونا لوگوں کیbuying capacityکابہت کم ہوجانا امپورٹ…,0
؀کی دساں یار فریدا روٹی بندہ کھا جاندی اے 🙏,0
 وہ مضطرب ہے عشق میں نقصان کچھ نہ ہو ہم مطمئن ہیں جاں کا خسارہ ہے اور بس عشق اردو اردوادب,0
آپ رائٹ سائیڈ سے چھٹے نمبر پر جس نے سیب پکڑا ہوا اور فنی سا ٹویٹ سوچ رہی 😇😇😂😂,0
محترمہ فاطمہ جناح کو عزت دو ووٹ کو عزت دو 📢اللہ اکبر ۔اس نعرے میں کتنی پاور ہے 🇵🇰 پاکستان زندہ باد 🇵🇰,0
اچھا 😀,0
مرغے کی آواز پر یورپ والے عدالت لے گئے یہاں تو کنجر خانوں کو سپورٹ حاصل ہے 😬,1
 کبھی سنا کسی نے 🤔🤔🤔 کہ LIKE اور FOLLOW كرتے ہوئے کوئ بندہ مر گیا 😤 تو کردو تسی بھی نہیں مرو گے 😤🤪🤣,0
تُسی چلو میں دسمبر میں آونگا 😂,0
تنظیم سازی ۔۔۔۔۔ 😂😂😂 اپنے ای فوجی ماری جاو 😂😅,1
سردار عابد ملہی ... عرف موٹروے 😎😎 😜😜😜😜😜,1
بزدل کی دوستی۔ کوئٹہ جلسے میں مریم کی بہن بلاول شرکت نہیں کرینگی 😂😂 پٹواریوں_کی_مادرملت,1
جو صحافی یہ بتا رہے ہیں کہ فلاں سیاستدان فلاں مارشل لاء کی پیداوار تھا کیا وہ یہ بتانا پسند فرمائیں گے کہ کون سا صحافی کون سے DG ISPR کی پیداوار ہے۔ 👈 ریحام خان DunyaUpdates,1
😂😂🙏 آپ کی شادی پچھلے سال سے ہو ری ہے,0
ماشااللّہ ✅,0
اللّہ پاک آپ کو اور آپ کے اہل و عیال کو ھمیشہ اپنی رحمتوں کے سائے میں رکھے آمین یارب العالمین 🤲⁦❣️⁩ فی امان اللہ,0
 تم انڈے اور ٹماٹر کھاؤ باقی ہم کلو اور درجن Manage کرلیں گے😂🤣,1
اس رنگ برنگی دنیا میں کئی من کے کالے رہتے ہیں۔۔۔۔,0
 لوگ صورت پر مرتے ہیں ہم کو محترمہ کے کمنٹس سے عشق ہے  مارخورز,0
سب سے ہٹ کر منایا ہے اسے ہم سے اک بار وہ روٹھا ہے تو سہی اس کے قدموں میں بچھا دوں آنکھیں میری گلی سے وہ گزرے تو سہی اس کے سب جھوٹ بھی سچ ہیں محسن شرط یہ ہے کہ وہ بولے تو سہی محسن نقوی  نیہا جی ہون راضی ہو جاؤ,0
"""میں نے پولیس والوں سے کہا کہ چیک کر لیں گاڑی میں کہیں  ریما یا میرا نہ ہو، ہمیں تو انہی ہیرونز کا پتہ ہے"" - اہلیہ رانا ثناء اللہ کی میڈیا سے گفتگو

ویڈیو دیکھیے : https://t.co/saecSmpN91

#RanaSanaullahArrested #Wife #MediaTalk #Faisalabad #Sarcasm #Meera #Reema https://t.co/EtqPEE1PNk",1
 میکو پتہ ہے میری رخصتی کے وقت میرے گھر والے روئے گے نہیں خوش ہو گے سب😛 😂😂😂😂,0
 جو لوگ کہتے ہیں پیسوں سے خوشیاں نہی ملتی😏 وہ اپنے پیسے مجھے دے دیں شکریہ😂😁🙈 مارخورز…,0
 لو جی چنگی بے عزتی کر کے آج بلاول زرداری کو یاد آ گیا صفدرے کو پکڑنا بری بات ھو گئ۔۔۔ کتنے یو ٹرن لو گے تم سب لوگ😑,1
او ڈاکٹرا نہ پیا کر یار 😢😢 ایدھر مینوں پھڑا دے ڈبی 😬😂😂😂😂,0
پائن گندے انڈوں کا بندوبست آپ کرلیں مار میں آوُں گا😂😂😂😂😂 نوٹ انڈے کلو کے حساب سے ہوں اور وہ پی پی پی کے 😂😂😂😂🙏,1
آواز تو قائدِ اعظم نے بھی سُن لی تم لوگو کی .. فون آیا تھا میرے پاس پوچھ رہے تھے میرے مزار میں گدھے کیسے داخل ہوئے 😕 😂😂😂,1
 Dr_Armaan_Malik ❤ خدا ترسی یہی ہے کہ انسان جس تکلیف اور مصیبت سے خود گزرے اسے دوسروں پر مسلط ہر گز نہ کرے۔ یہی انسانیت کی…,0
یہ کانے تو وہ ہماری طرف جھاڑو بنتی ایک پودے سے اس جیسے لگ رہے، 😂,0
@SaleemKhanSafi @asbabar786 تمہارا گنجا بیمار ابھی تک علاج کرا کر واپس کیوں نہیں آیا؟ پہلے گنجے کو واہس لاؤ۔ پھر دوسروں پر تنقید کرو۔ عمران کرپٹ نہیں ہے۔ یہ تم خود بھی اچھی طرح جانتے ہو۔ دراصل تم نون لیگ کے دئیے گئیے لفافوں کا حق ادا کر رہے ہو۔,1
میرے ساتھ بھی یہی ہوا یہ اپ دیٹ میں آر ٹی کا اپشن نہیں😌 Quote کرے کے آر ٹی کریں,1
میں اپنے انگور بڑے سوچ سمجھ کے لینا 😂😂😂,0
جلسے جلوس احتجاج تو ہوتے رہیں گے یقین مانیں میں اس کے انتظار میں ہوں جب اسمبلیوں سے استعفے دینے کا وقت آئے گا 😁😁😁😁,1
ﻭﮦ ﮐــﮩﺘﺎ ﺗﮭﺎ ﻣﺠـــﮭﮯ ﺑﮩﺖ ﭘﺴـــﻨﺪ ﮨــــﮯ ﻣﺴــﮑﺮﺍﮨـﭧ ﺗﯿــــــــــــﺮﯼ ﺑـــﺲ ﭘﮭـــــﺮ ﻟﮯ ﮔﯿــﺎ ﭼﮭﯿـﻦ ﮐــﮯ 💔😥😥,0
مریم اورنگ زیب یا مریم نواز کو تو یہ بھی نہیں کہہ سکتے 😛,1
 سندھ پولیس کی عزت میری عزت ہے، سندھ پولیس کی بے عزتی میری بے عزتی ہے چیئرمین بلاول بھٹو زرداری زندہ پولیس زندہ ,0
صرف جیو پر چلی ہے اور غلطی ان سے یہ ہوئی کہ رینجر والا حصہ کاٹ نہیں سکے 😊😊,0
اور جب آپ کی چ پورے انڈیا نے ماری؟ اس کےپیسے اوکاڑہ سے مل گئے تھے یا انہوں بھی چ ہی ماری 🤣😂,1
وزیراعظم کی کال آئی تھی کہہ رہا تھا درجہ حرارت جتنا مرضی گر جائے میری سوچ سے زیادہ نہیں گر سکتا✌😂,0
شکر اللہ ۔۔۔ بدل رہا ہے اب عمران بدلے گا اب پاکستان ان شاء اللہ 🙌🤲,0
بھائی یہ فیک اکاؤنٹ ہے، نواز کی کھنچائی کے لئے 😀,1
تجھ سے واجب ہے محبت کا تعلق رکھنا🔥,0
آرمی نواز شریف کو یہ کہہ دے کہ ٹھیک ہے آپ کے بارے میں کچھ سوچتا ہوں تو نواز شریف گلالئی کی طرح رحام خان اور گل بخاری کو کوڑا دان میں منظور پشتین کے ساتھ پھینکنے گے😆😆😆😆 پھر آپ کے,0
لندن ے عظیم پاکستانیوں کا نیا نعرہ مارکیٹ میں آگیا گلی گلی میں شور ہے فلیٹ کے اندر چور ہے 😜,1
شکر الحمدللہ آپ کی کوئی ٹویٹ اردو میں نظر آئی 👍,0
جب جینا ہر حال میں ہے تو مسکرا کر جینے میں کیا حرج ہے 😊,0
پرانا اکاونٹ فی الحال بند ہے ۔۔نئی آئ ڈی 👈🍟 کو ایڈ اور فولو کریں شکریہ فولو کرنے پر KFC کے fries فری ہیں ۔۔,0
بے نظیر نے زِندگی بھر ایک ہی بات 100 فیصد سچ کہی تھی نواز شریف تم گیدڑ ہو 😂,1
 جج آخری خواہش بتاو؟ مجرم کوئی غیرت مند پی ٹی آئی والا دیکھنا چاہتا ہوں🙄 جج بہت چالاک ہو ساری زندگی جینا چاہتے ھو 😂,1
ان لوگوں کو عوام نے اس کام کے لئے منتخب کيا تھا تا کہ ايوان میں يہ ثابت کر سکيں کہ سب سے اچھی سيٹی کون بجاتا ہے۔۔ شرم_ان_کو_مگر_نہیں 👈👤👥,1
"اللہ کے شیروں کو کفار کا ایجنٹ بنانے والوں کیوں کسی کی حوریں ضبط کروارہے ہو 
#PeshawarAttack #Sarcastic",1
دنیا کے ہر مشکل اور پریشانی کا حل قرآن پاک میں ہے بس ہمیں پڑھنیں کا ٹائم نہیں ہوتا اس لیئے ہم زیادہ پریشان ہوتے ہے اللْہ پاک ہم سب کو تلاوت کرنے کی توفیق دے❤,0
👈سونے سے پہلے ریٹویٹ کریں 👈 1 گھنٹے کے بعد لسٹیں بناؤں گی انشااللہ 200 فالوورز کا یقینی اضافہ بنائیں 👈 ابھی دیر نہ کریں جلدی سے ریٹویٹ کریں ریٹویٹ کر کے ایک دوسرے کو فالو کریں 👈اور اپنا ہینڈل مینشن کر دیں مارخورز,0
بہت خوب واہ,0
ٹھیک کہا آپ نے  ,0
اچھا اچھا  کتنی معصوم ہے ملکانی نہی تو کون مانتا ,0
القرآن سورۃ البقرة آیت:234 حصہ1/2 ꧁💓❁﷽❁💓꧂ اور تم میں سے جو لوگ وفات پاجائیں، اور بیویاں چھوڑ کر جائیں تو وہ بیویاں اپنے آپ کو چار مہینے اور دس دن انتظار میں رکھیں گی، پھر جب وہ اپنی عدت کی میعاد کو پہنچ جائیں,0
 خامیاں تو بہت ہیں مجھ میں کو ئ نکالے تو سہی منہ نہ توڑ دوں 😜😜😂😕😂,1
باجوہ صاحب نے کرنل کی بیوی کا بھی نوٹس لیا تھا۔۔ 😂😂,0
عمران نیازی ک پاس صدقہ زکات زیادہ جمع ہورہا ہے یہ اس کو معیشت سمجھ رہے ہیں😂,1
@FMDogar مودودی نے انبیاء علیہم السلام اور  صحابہ کرامؓ پر بہت تنقید کی ہے,1
ابھی سے نہانے میں ایک دن کا ناغہ ڈالنا شروع کریں تاکہ سردیوں میں نہانے والی پریشانی نہ ہو 😁,0
 پہلے بندہ راضی کریں پھر تنظیم سازی کریں پبلک سروس میسج😎,1
 کل تک جو کہ رہے تھے بلاول بولا نہیں ھے انھیں آج سکون تو آیا ہو گا اب یہ جو اتحاد ھے ان شااللہ ووٹ کو عزت دلوا کر رہے گا,0
مولا علی علیہ السلام مدد حق حیدر 🌹❤️🌹,0
ہیرو گیری پٹھی پے گئی 😂 قصور جدا وی نکلیا، اینوں بڑے چھتر پینے نیں,1
 جن پر تکیہ تھا وہ ہی پتے ہوا دینے لگے 😎,1
ایک دیوار پر لکھا تھا پڑھنے والا گدھا ہے پٹواری نے اسے پڑھا اور اسے مٹا کے لکھ دیا لکھنے والا گدھا ہے SAD 😂😂😂,1
بہت ذہین آدمی ہیں آپ تو😜,0
آنکھیں بند کر لوں تو آنا جانا کیسے دیکھو گا 😂,1
تو یہ بات حقیقت ہے عوام نے ن لیگ کو عینجکٹ کیا اور سپانسرز نے ریجکٹ کیا، ووٹ کو چوری کرکے 😂,1
برادر وہ بال کٹوائی کا پوچھ رہی ہیں۔ اس موضوع پر روشنی ڈال کر محترمہ کو مشکور ہونے کا موقع دیجئیے۔ 😔😔,1
بھارت میں نواز شریف کی مقبولیت میں اضافہ وہاں یہ الیکشن لڑیں تو بلامقابلہ وزیراعظم اور مولانا ڈیزل صدر منتخب ہوجائیں گے ۔ 😂😂😂,1
غلطیوں کی نشاندہی کا شکریہ آئندہ زیادہ احتیاط سے دیکھا جائے گا۔ آپ جیسے لوگ جب جج بننے سے گھبرا کے حصہ ہی نہیں لیں گے تو یہ تو پھر ہوگا 😋,1
 ہاں میں اس کی تھی اس نے سمبھال کے نہیں رکھا مجھے کھو دیا اس نے مجھے۔۔💔,0
جزاک اللہ خیر صنوبر🌷 اللہ پاک آپ کو دونوں جہانوں کی کامیابی عطا فرمائیں__سدا شاد و آباد رہیں__ آمین 🌷🍃🌷,0
ماشاء اللہ ❤️,0
یہ کتابیں تم دونوں ضرور پڑھنا ایک ھولندی فرانک مارتیز کی کتاب `` میں بےوقوف نہیں ہوں سب کچھ سمجھ گیا ہوں `` ہے اور دوسری روسی موریس ھنری کی کتاب `` اپنے چچازاد کے ساتھ شادی کیلئے تیار رہو `` ہے 😁 مورل ابا ابا ھی ھوتا ھے ھیں جی,0
عالمی ریکارڈ -- پاکستان🇵🇰کے پاس اس وقت دنیا🌍کی نمبر1 فوج۔ نمبر1 ایماندار لیڈر.. اور ان پر بھوکنے والے تربیت یافتہ نمبر1 کتے…,1
شکر اے تیری ہسی ویکھ کے مینو وی ہاسا آیا 😜📯😂😂😂😂,0
تو رات میں آتی وہ پڑوسی دن میں کیا یہ کھلا تضاد نہیں 😅😅😂😂😝😝,0
 😊 `` خدا کا واسطہ یوتھیو اب تمہیں کوئی ھینڈسم لگے تو اسے بہن کا رشتہ دے دینا ووٹ دیکر ملک کا بیڑا غرق مت کردینا۔۔ '' 🤣🤣🤣🤣,1
😂😂🤣🙊🙊🙈🙈 ہاں ہر ظلم برداشت,0
"شرم تم کو مگر نہیں آتی
ڈوب کر مر جاؤ کل تک تو کنٹینر پر تنقید کرتے رہے آج خود کنٹینر پر کھڑے ہوکر سیاست کرو گے
@MaryamNSharif @CMShehbaz 
#آئے_ناں_کنٹینرتے",1
بابا جی فرماتے ہیں تعلیم ہر کسی کا حق ہے زیادہ پڑھ کے دوسروں کا حق نہ ماریں😜😝,1
اتنا بڑا معاملہ ہو گیا یار کوئی وزیراعظم کو بھی نوٹس لینے کا بولے ڈمی ہے مگر ہے تو PM 😂😂,1
@AdvocateZafarB1 آگ بگولہ ہونے کی بجائے انہیں اپنے گریبان میں جھانک کر اپنے ماضی کے فاش گناہوں کا کفارہ ادا کرنا چاہیے۔ آئین اور قانون کے مطابق فیصلے کر کے تنقید کرنے والوں کے منہ بند کر دیں۔ ورنہ آگ بگولہ ہی ہوتے رہیں گے۔,1
@WajidQAU کسی بھی معیوب بات کا سب سے پہلے گاہےبگاہے ذکر منتخب گروہوں میں کیا جاتا ہے ۔پھر اسکو مزاح  کا استعارہ بنا کر زدعام کر دیا جاتا ہے ۔یہ شاید معاشرتی رویے ہیں رشوت ، چرس کا استعمال ، شادی شدہ لوگوں کے دوسرے شادی شدہ لوگوں سے روابط اس کی مثالیں ہیں ,1
منتیں پوری ہوں نا ہوں در نہیں بدلے جاتے 🌚,0
ابھی بھی بیس منٹ چلایا گاڑی😎,0
ہمارے قرضے فی کس ایک ہی صورت میں کم ہونگے، خانہ آبادی اور بچے زیادہ پیدا کرنے سے۔۔۔ بے وثوق ذرائع کے مطابق کرونا سے آبادی بڑھے گی اور فی کس قرضہ تقسیم ہوتا جائے گا 😁😁😁😁,1
جج آخری خواہش بتاو؟ مجرم کوئی غیرت مند پی ٹی آئی والا دیکھنا چاہتا ہوں🙄 جج بڑے چالاک ہو ساری زندگی جینا چاہتے ھو 😂,1
کھتری کی بے تُکی شاعری سے تنگ آ کر ٹویٹر والو نے آر ٹی مشکل کر دیا 😇 😂😂😂 Twiter 😕,0
 نانی اماں اب شیر یوتھ فورس بنانے جا رہی ہے volunteers کی ٹایگر فورس کی نکل میں😂 یونیورسٹی کالج کے دورے بھی کریں گیں اُن کو ی…,1
باتوں باتوں میں هم کو بچهڑنے کا اشاره کر کے  وه بهی بهت رویا هم سے کنارا کر کے ,0
دل چاہتا ہے تم کو سپورٹ کروں کیونکہ خوبصورت ہوں لیکن کیا کروں میڈم تیری اوقات سے مہنگی میرے ⁧ کپتان⁩ کی پشاوری چپل ہے😋😎✌,1
آرٹیکل 63 اے کی تشریح کے کیے سپریم کورٹ کی جانب سے بنائے گئے بینچ پر ن لیگی حلقوں کی تنقید قابل مذمت ہے ،وفاقی وزیر اطلاعات فواد چوہدری کی سپریم کورٹ میں میڈیا سے گفتگو,0
"رج کے کرپشن کرو نوکری چلی جائے گی تو کیا هوا پینشن اور میڈیکل سهولت تو ملتی رهے گی نا ... 
#اچها_سوری
#sarcasm",1
چلو جناب ۔۔قطری نانی کے دوبارہ زلیل ہونے کا وقت ہوا چاہتا ہے ۔۔۔۔😂😂😂,1
 ہم کوئی صحافی ہیں 😂😂😂😂,1
💫 *ضروریات ان کو کہتے ہیں جن کو پورا کیئے بغیر جینا مشکل ہوتا ہے اور خواہشات وہ ہوتی ہیں جن کو پورا کرنے کے چکر میں جینا مشکل ہو جاتا ہے۔* 🌹🌹🌹🥀🥀🥀,0
😂 😂 😂 َمان گئے مرشد کو,0
لگتا ہے پٹواریوں کو اب بھی یقین ہے کہ تاحیات نااہل کی حکومت پھر سے آئے گی 🤦‍♂️,1
 السلام و علیکم🌸 میرا یقین تو یہ ہے کہ وہ رب ایک دن میری تمام دعائیں سُن لےگا اورکُن فرمادےگا❤ صبح بخیر🥀,0
آنکھیں بند کر لوں تو آنا جانا کیسے دیکھو گا ,1
ہے بھنگ تے ھو جا ملنگ او میں پنکئ دا ملنگ 😜😜😜😜,0
مکس اچار خراب ہونے والا ہے، کیونکہ کسی نے سرسوں کے تیل کی جگہ غلطی سے ڈیزل ڈال دیا ہے ۔ 🤣😅🤣,1
نہ نہ بالکل بھی نہیں میری یہ مجال 😛😛😛,0
جی الحمداللہ 😂😂😂,0
شکر ہے آپ کو دیر سے سمجھ لگی 😂😂😂😂,0
اوہی ہنڈا ون ٹو فائیو والا حساب ، بس ٹینکی ٹاپے تے پٹی دا رنگ بدل کے نوا ماڈل 😁,0
زندگی میں اکثر ہم روحوں میں چھپے درد کو دوائیوں سے ختم کرتے کرتے خود ختم ہو جاتے ہیں 💫 Aple,0
یقین بھی اندھا ہوتا ہے کسی پہ 🔥,0
انڈے دو سو روپے کلو ,1
تسلیم پاٸی تسی گریٹ او بلکہ گریٹ فروٹ او 😂,1
وَمَا كَانَ رَبُّكَ نَسِيًّا💚 بےشک,0
گڑیا باجی ہمارا مستقبل کا وزیراعظم صاحب ہے یہ 😕😕😕😕,1
سر بہت بہت مبارک ہو اللہ میاں یوں ہی کامیابیاں عطا فرماتا رہے ⁦❤️⁩⁦❤️⁩⁦❤️⁩⁦❤️⁩,0
اتنی تو تحریک انصاف کی الیکشن میں میرٹ پر سیٹیں نہیں آئی تھیں جتنی سندھ پولیس کی چُھٹی کی درخواستیں آ گئی ہیں        ,1
انکا گھبرانہ انکی ناکامی ہے یہی عمران خان کی کامیابی ہے سب اکٹھے ہو کر بھی کچھ نہیں کر پا رہے  ,1
ارے پوچھنے بتانے کی کیا ضروت ھے سب کو پتا ھے کہ کل رات تم نے کہاں اور کس کے ساتھ گزاری ھے 😂😂😂😂,1
میرے قائد نوازشریف نے کہا تھا نہ یہ نعرہ اب گھر گھر جائے گا ووٹ_کو_عزت_دو ❤️ الحمداللہ,1
اس لئے 44 لاکھ لسی پی گئے ہو 😂,0
چلو تیری جُتیاں تیرے ای سر سہی فیر 😜,0
💗فالو کرے انشااللہ 🔙 فالو ملے گا💗 SaifurRehman4R,0
 کاکا جب تم نے عدت پوری نہیں ہونے دی🤭 تو عوام کیسے مدت پوری ہونے دے گی😂🙊🙈,1
 اے دلوں کے حال جاننے والے مہربان اللہ❤ ہماری بے بسی کے عالم میں مانگی ہوئی تمام دعاؤں کو قبول کر لے❤️,0
 کوئی کسی کا بال بہی نہی اکھاڑ سکتا ماسوائے اسکے کہ اس کے خلاف دوسروں کو بدگمان کردے ❣️,0
عثمان بزدار کا مذاق اڑانے والے، گالیاں دینے والے اپنے صوبے میں آرمی چیف سے مدد مانگ رہے ہیں کہ تحقیقات کریں `` صفدر کو کس نے گرفتار کیا '' 😂 COAS DGISPR Dgranger,1
"@SHAHID__REHMANI یہ فیشن ھے بھئ۔۔آجکل ھارون رشید، ارشاد بھٹی جیسے ""نیوٹرل"" صحافی عمران خان پہ تنقید کرکے اپنے آپ کو غیر جانبدار شو کرتے ھیں۔",0
پٹواری تو اب اس کو درویش کہتے ہیں 😂,1
 گیراج ہو یا مزار صفدر ہمیشہ رنگے ھاتھوں پکڑا جاتا ہے ۔۔۔🤓😛😜😝,1
ایک یوتھی گدھا آج کہہ رہا تھا ہمارا مولانا فضل الرحمن سے اسلیے اختلاف ھے کہ وہ نواز شریف کے ساتھ ہمدرد ھے میں نے کہا ہمیں عمران خان سے اس لیے نفرت ھے کہ وؤ یہودوں کا سالہ ھے فرق جان کر جیو😁,1
یااللہ پٹواریوں کو تھوڑا سا عقل دے دو آمین ثم آمین 😂😂😂😂😂,1
جزاک اللّٰہ الخیر 💐💐,0
 وہ کون شخص ہے جس سے کارکردگی کا پوچھو تو وہ فوج کے پیچھے چھپ جاتا ہے ؟؟ اور ٹاؤں ٹاؤں کرتا رہتا ہے 😜😜,1
میرے دل کی دھڑکن نواز شریف ❤️❤️❤️ چاروں صوبوں کی آواز مریم نواز مریم نواز,1
 🎈جناح سٹیڈیم کراچی جلسے میں کرسیوں کے نیچے جگہ خالی تھی شبلی فراڈ,1
میں نے شروع سے ھی فالو نہی کیا ان 🐕🐕🐕کو,0
جس ملک میں بائیسویں گریڈ کا افسر اور وہ بھی لاء انفورسمنٹ کا ہیڈ اغواء ہوجائے وہاں کسی عام آدمی کی کیا حیثیت ہے🤔😏,0
جی جی سنجیدگی ابل ابل کر باہر ڈُل رہی آپ کی ٹوئٹ سے 😂😂😂,0
اسی لئے تو کہا، اللہ ہمیشہ اچھا رکھے۔۔ یہ بہت بڑی دعا ہے اسکا مطلب آپکو ایسے حالات اور لوگوں سے واسطہ نا پڑے جو آپکی مثبت خصوصیات کو کم یا ختم کر دیں ۔😇,0
جانی میرا پسندیدہ شعر وا تسی زیادتی کی تھوڑی ایسے لکھنا آئیندہ پلیج 😂 ؀ سنو جاناں اکتوبر رہ گیا تھوڑا نومبر آنے والا ہے تیری یادوں کو لیکر پھر دسمبر آنے والا ہے نمود_عشق مجنونیاں,0
دھوبی کا کتا گھر کا نہ گھاٹ کااس میں کتا سے مراد `` کُتا '' '' dog '' ہی لیا سمجھاپڑھا بھی جاتا ہے لیکن آج نئی بات علم میں آئی تو ہماری علمیت کا جنازہ نکل گیا یہ لفظ کُتا نہیں بلکہ کَتا ہے جس سے مراد کپڑے دھونے کا وہ ڈنڈا ہے جسے دھوبی ساتھ لیے پھرتا ہے 👇,1
مولانا فضل الرحمان صاحب نے کہا تھا کہ تم کسی چوک چوراہے پر کھڑے ہو جاؤ میں یقین سے کہہ سکتا ہوں کہ تمہیں کوئی کتا بھی نہیں سونھگے گا فتنہ کو برا لگا اٹھ دن لانگ مارچ کیا کسی نے حملہ نہیں کیا پھر فتنہ خان کو پلاننگ کے تحت حملے کا ڈرامہ کرنا پڑا,1
سہیلیوں نے گفتگو میں کریدا بہت اُسے میری آشنائی سے ہی مُکرنا پڑا اُسے🌹,0
 عورت سے بحث ہرگز مت کریں ¡¡ خاص کر جب وہ جذباتی ہو یا دکھی ہو یا خوش ہو یا غصے میں ہو یا پھر بھوکی ہو یا سانس لے رہی ہو …,1
🔥کسی کی شاگردگی کا شوق نہیں ہمیں.. 🔥اسی لیے اپنے نام سے جانے جاتے ہیں..🙏🏻,0
نچوڑتے کیسے؟😂😂😂,0
اس مین کوہی شک نہیں ہے 👍👍👍,0
وہی تو کہہ رہا ہوں کھسرے لڑکیوں کا روپ دھار کر گالور بڑھاتے ہیں رات کو شیو کرتے ہیں اور صبح صبح اٹھ ماما کی رانی بن جاتے ہیں 😁😁😁,1
کوہی پتہ کرے مراد سعید سکرین سے غائب ھے خیر تو ہیں کہیں خوش خبر ی نہ ہو😁,1
ِبستی جئی نہیں گئی ☹️,0
مِنی ہارٹ اٹیک 😩,0
ایسے حقیقتوں سے تصادم ہوا کہ بس میں تو بچ گیا___میرے خواب مر گئے ❗🖤,0
زندگی میں ہم اس مقام پر بھی آ جاتے ہیں کہ کوئی کچھ غلط بھی بول رہا ہو تو ہم کہتے ہیں آپ کی بات ٹھیک ہے💔🙂 اریبہ,1
 خیر مبارکاں سر 💐 جیوندے روو تے راضی روو مارخورز,0
"@nabeelkiraye @N_S_2010 یہی بات انہیں سمجھانے کی کوشش کی ہے۔
#sarcasm",1
تم بھی تو دو ٹکے کے صحافی ہو کچھ پتہ کگوا لو 😂,0
تیری محبت سے لے کر تیرے الوداع کہنے تک،، ہم نے صرف تجهے چاہا؛ تجهہ سے کچهہ نہیں چاہا۔ 💔💔💔,0
 السلام علیکم 🌹🙌 بِسْمِ اللّٰهِِ الرَّحْمَنِ الرَّحِيْم ہاں جو شخص وصیّت کرنے والے کی جانبداری یا گناہ کی وصیّت کر دینے س…,0
 ﮐﯿﺎ ﺯﻧﺪﮔﯽ ﮨﮯ ﻣﺤﺴﻦ ﮐﭧ ﭘﺘﻠﯿﻮﮞ ﮐﯽ ﻣﺎﻧﻨﺪ ﺩﮬﺎﮔﮯ ﭘﺮﺍئے ﮨﺎتھ ﻣﯿﮟ ، ﺑﺲ ﻧﺎﭼﺘﮯ ﺭﮨﻮ __🥀🔥,1
لوگ پھر بھی ٹھرکی ہی سمجھیں گے ... .. 😂 لوگوں کے منہ کیسے بند کر واؤ گے ... .. 😏😉,1
 `` آپ جس عورت سے پیار کرتے ہیں اُس کا بوسہ کیسا ہے، یہ جانے بنا مر جانا ایک بہت بڑی تکلیف ہے.☹☹❤,0
فکر نہ کریں آپ کی لعنتیں پھر بھی پہنچ جائیں گی 😷,0
آواز بند کر کہ 😉,0
عالمی ریکارڈ -- پاکستان🇵🇰کے پاس اس وقت دنیا🌍کی نمبر1 فوج۔ نمبر1 ایماندار لیڈر.. اور ان پر بھوکنے والے تربیت یافتہ نمبر1 کتے🐶ب…,1
"@SK_Tanoli_ حکومت اگر خان کی ھو تو سب ٹھیک ھے 

اگر #آلشریف کی حکومت ھو تو 
تب تعریف جیو پر اور تنقید ARY پر 

باقی سب same 🤣🤣

دونوں حکومتوں میں بس جیو اور ARY کا فرق ھے 🤣🤣",0
کہیں استخارہ ، کہیں گزارہ کہیں بلکل ... .. ، بےسہارا 🔥,0
الف سے اچھی گاف سے گڑیا نون سے نانی لوٹ لیا ہے تم لوگوں نے ہر ایک پاکستانی😁,1
جی جی بالکل آخر آپ میرے بڑے۔۔۔۔۔۔۔۔۔۔۔ ہیں۔😜😜,0
"رات کے 11بجے گھر کے باہر ایک آواز سنائی دے رہی ہیں 
گرم ہانڈے ہانڈے(انڈے ) 😂
پر مزاح سے ہٹ کر 
اللّٰہ پاک ان کی مشکلات دور فرمائے آمین جو اس وقت بھی کام کر رہے 
#سرمایہ_ادب",1
"ویسے بھی امریکہ افغانستان سے بھاگ رہا ہے اور ظاہری بات ہے بہت سارہ مال غنیمت چھوڑ بھی رہے ہونگے جو طالبان کے ہاتھ آنا ہے۔ طالبان سے درخواست ہے کہ میرے لئے ایک عدد DSLR کیمرہ، ایک عدد Laptop، اور ایک عدد 9MM Pistol مال غنیمت سے سنھبال کر رکھے۔ 😜😝😂۔

#Sarcasm
@suhailshaheen1",1
کامی بھائی وہی ناں 900 پہ جاسوسی کرنے والے 😀,0
سندھ پولیس کے افسران کی ساٹھ دن کی چھٹی کے بعد عمران نیازی نے ٹائیگر فورس کے اولين جوانوں کو پولس ميں ایڈہاک میں بھرتی کرنے کا اعلان کردیا ھے,1
جلسے میں دو لاکھ بندے تھے پٹواری پُتر جنازے تے 10 لاکھ بندہ وی آ جاوے مُردہ دوبارہ زندہ نئی ہو جاندا😜😂,1
بلاول تو گیو PDM سے باھر✌✌😈,0
او چول انسان یہ شاہد خاقان کا آئی نہیں ہے فیک آئی ڈی ہے۔,1
اگر جلسے جلوسوں سے ھی تبدیلی آنی ھوتی تو وہ تو پی ٹی آئی نے بھی بہت کیۓ تھے😊,0
ہر گز نہی آئ صرف مذاق بنا رہے بار بار دانش واری کے دخان والے 😂,1
*تو میرے دل پہ ______ ھاتھ تو رکھ۔۔۔ *❤️ *میں تیرے ھاتھ پہ______ دل نہ رکھ دوں تو پھر کہنا۔۔۔ *💖,0
بہت اچھے بھئی بہت اچھے یہ صدمہ ہے؟؟ اور واہ واہ کیا رونا ہے 😂😂😂😂,0
کاکروچز کی آبادی دیکھی ہے۔۔۔۔ ہیروشیما پہ ایٹم بم کے باوجود وہاں کاکروچز ہی بچے تھے۔۔۔۔ 😂😂😂 لوہا لاٹ فولادی ہوتے ہیں۔۔۔ 😂😂😂 گٹر نالے کچن سب میں سروائول ہے 😂😂😂,0
دنیا ادھر سے ادھر ہو جائے اس بندے کی پالش ختم ہونے میں نہیں آ رہی 😂,0
جانی 8 ہزار فالورز واآؤ۔۔😍😘😍 ہمیشہ ترقی کرتی رہیں۔ خوشیاں پائیں۔ یونہی ساتھ رہیں۔۔💕💕💕,0
بکواس کرنے سے کچھ نہیں ہوتا، تحقیق کرو، تم جیسے گندے انڈوں کی وجہ سے ملک دنیا میں بدنام ہے، تم بار بار گلالئ اسماعیل کے لیے جو الفاظ استعمال کر رہے ہو تم یہ بتاو تمہاری اپنی بہن خوبصورت ہے ایسا کرو اسکو بھیج دو تم اپنی بہن کی خوبیاں بیان کرو چھوڑو سب کو 😂,1
😂😂🤣🤣 موت ہی ہوئی یہ بھی تم سے دور جانا 😂😂🤣🤣🤣,0
آج پھر رات بہت اندھیری ہے آج پھر دل کو تیرا انتظار ہے یہ تنہائ بہت خوف دیتی ہے مجھے اس بیچینی سے ڈر لگتا ہے اُف یہ لمحہ کیوں صدی برابر ہو رہا ہے؟ میں سونا چاہتا ہوں نیند کی آغوش میں کھونا چاہتا ہوں مگر خواب کے بوجھ سے ڈر لگتا ہے مجھے خوابوں سے ڈر لگتا ہے  اردوزبان,0
اللّه کااحسان۔۔۔ 🙏🙏🙏 موجیں۔۔۔ مزے۔۔۔ عیش۔۔۔ 😇😇😇 ماشاءاللهّ۔۔۔۔ 😊😊😊,0
"گدھوں کی ایک حکایت
#ThoughtOfTheDay #Sarcasm https://t.co/rjDQvVilRg via @humsubcompk",1
بھائی آپ کو بڑا یاد ہے پھپھو کا بیٹا😂😂,0
سندھ پولیس تمھاری جرت کو سلام ❤️,0
پہلے سکھ لینا گانا فیر قسمت آزمائی کرنا 😜,0
 الحمداللہ 💞 پاکستان گرے لسٹ سے نکل کر فیٹف کا رکن بننے جا رہا ہے۔۔ وزیراعظم عمران خان کی ٹیم کی جانب سے حماد اظہر نے اگر یہ…,1
کاپی پیسٹ والے ہوشیار ہر چیز کاپی رائٹ ہے 😂,1
حد ہوگٸی 😂😂صفدر نہ ہوا اوبامہ ہوگیا,1
آئی جی سندھ ڈیوٹی پر واپس آیا یا اسکو بھی فوج سے سیکیورٹی دلواؤں؟ 😂🥳😛,1
یے وہاں کیا کررہا تھا 😂,0
اللہ معاف کرے بڑے گوشت سے مجھے یورک ایسڈ ہوجاتا ۔ 😂,0
دھرنوں میں لڑکیاں نچوانے والو اب خود ناچنے کے لئے تیار ھو جاؤ اور یاد رکھو اب انگلی نہیں عوام کا انگوٹھا کھڑا ہو گا 👍👍👍,1
 اور میں پردہ اسلیے کرتی ہوں 😇 کیونکہ میں اپنے اللّٰہ کو ایسے اچھی لگتی ہوں ❤,0
 مجھے لگتا ہے زمین کا فقط وہ ٹکڑا گردش سے محروم ہے جہاں میں کھڑی ہوں… 🍂,1
 ❤کبھی غم کی آگ میں جل اٹھے کبھی داغ دل نے جلا دیا ❤اےPMC بتا ذرا -- -- -- -مجھے کیوں تماشا بنا دیا.❤ NoPmcSyllabus,0
"چیونٹی : میں زیادہ slow ہوں۔
کچھوا : نہیں میں زیادہ slow ہوں۔
پی ٹی سی ایل #PTCL : رشتے میں تو ہم تم سب کے باپ لگتے ہیں۔
😂🤣😂🤣😂🤣
جو سمجھے ٹھوکو لائیک جو نہ سمجھے وہ POGO دیکھے۔
#Sarcasm #Sarcastic",1
ظلم کی انتہا ہے 😖,0
 خان صاحب نے پنکی کی عدت پوری نہیں ہونے دی اور اب باجوے کی مدت پوری نہیں ہونے دینگے🤦😁😁😜😜😂,1
اپوزیشن کے اتحاد سے ایک فائدہ تو ہوا لعنت الگ الگ بھیجنے کی ضرورت نہیں '' اجتمائی لعنت '' کا آپشن استعمال کریں اور اپنا وقت بچایں 😂🖐️🖐️,0
اور آپ ... ..😁,0
 وہ جو ایک پیج تھا وہ پھٹ گیا ھے اور وہ پیج بھی آخری پیج تھا 😂 WeStandWithSindhPolice StateAboveStateRejected,1
اس کا حل ہے ساتھ اموجی 👈😂 استعمال کیا کریں 🙊,0
نوح کے سفینے جیسا ہے عشقِ “ علی ع ” •۔❤️ سوار ہو جاؤ گے اس میں تو نجات پاؤ گے•۔❤️,0
مرد حضرات کو ہارٹ اٹیک اس لئے بھی زیادہ ہوتا ہے کیونکہ وہ دل کا کثرت سے استعمال کرتے ہیں آئے دن سچا پیار,1
میں کھانا کھاتے ہوئے صرف کھانے کو ہی ٹائم دیتا ہوں ,0
 کتنا مزہ آئے گا جب رینجرز کور کمانڈر پر ڈال دے کہ احکام وہاں سے آئے تھے لیکن کور کمانڈر کس پر ڈالے گا ,1
"الحمداللہ پاکستانی قوم کپڑوں سمیت نہا کر خود کو ہی اے سی بنا لیتی ہے ۔ 🥴

#Sarcasm",1
کلا نا ریہا کر ویرے کسی کڑی نے چک کے لے جانا تینو 😂😂😂😂😂,0
او ہاں نا 😜,0
شکریہ، مہربانی 💐🌷🌼 جناب آپ کی محبت ہے 💞,0
کیوں یہاں کیوں نہیں ... .. 🤔😑؟,0
سب سے سچی چیز ہے موت اور سب سے جھوٹی چیز لوگوں سے امید💯,0
ان کو لگتا ہے کہ انکے دیوتا کی طرح پورا پاکستان `` لکیروں '' کے سہارے سوچتا اور بولتا ہے۔۔۔😂😂😂,1
 سوچ کا کیڑا اندر ہی اندر پورا بندہ ٹُک جاندا اے😌,1
دُنیا کے نوے فیصد اندر سے مرے پڑے ہیں ہم باقی دس فیصد میں خوش 💃☺️,1
آپکے لئیے تو کسی فسادن کا رشتہ لاؤں گی فکر ہی نہ کرو😂😂,0
جس طرح ہندو گائےکو ماں مانتےہیں لیکن بیل کوباپ نہیں مانتے ویسےہی پٹواری مریم کو باجی مانتےہیں لیکن صفدر کوبہنوئی نہیں مانتے 😂😷,1
ایک طرف بلاول جلسے میں شرکت سے گریزاں، دوسری طرف یہ خبریں.. کھچڑی پک رہی ہے 😂,1
ہائے سوہنی کڑی نے ویلکم کیتا😂😂🤣🤣,0
کہانی کار ہے وحشی بلا کا کئی کردار زندہ کھا گیا ہے💔,0
تمام اپوزیشن کے لوگ جو 16 اور 18 اکتوبر کے جلسے میں فوج کے خلاف محاذ آرا تھے- وہ اگلے ہی دن آئی جے والے ڈرامے کی جنرل باجوہ کی طرف سے `` صرف تحقیقات کروانے کے اعلان کے بعد نہ صرف خاموش ہو گئے، بلکہ الٹا جنرل باجوہ کی تعریفیں کرنے لگے '' 😉 اسی لئے تو ان کی کوئی عزت نہیں کرتا-,0
❤سانسوں میں جاری رہتا ھے محمد ص کا قصیدہ کرتی ھیں دل کی دھڑکنیں ہر دم علی ع علی ع ❤,0
بہت بہت شکریہ۔۔۔🌹,0
تو بی بی ان کو کچھا پہناو 😂🤣,0
ایہدے کچیچ دا حساب توں ایس گل توں ای لا لے بھئی لمے لمے تھریڈ لکھن تے آ گیا سی 😂😂😂,0
ھاھاھا تسی باز آجاؤ آ کی رشتے آلی سرکار دا راگ آلاپ رے 😜😜😜,1
یہ ان کی زلف پریشان کا فیض ہے یارو تمام عمر گزاری ہے پیچ و تاب کے ساتھ کھلی ہوئی ہے جو سورج مکھی گلستاں میں یہ کس نے آنکھ ملائی ہے آفتاب کے ساتھ یہ مہرو ماں یہ برق و شرر یہ انجم و گل وہ بے حجاب بھی ہیں حجاب کے 👇👇,0
 حسرتیں روگ بن گئیں لوگ ذہنی مریض کہتے ہیں ♥️🙃 ادب_کا_سفر,1
ویسے یہ اچھی آڑ ہے کہ پہلے سب کچھ خود کرو اور بعد میں اُنہی کو تحقیقات کا حُکم دے دو جو آپ کے ماتحت ہوں۔ قوم کو پاگل بنانا کتنا آسان ہے؟ 👏,1
دقت‌کردین سر یہ‌محاسبہ‌مھم، 2×2 هم‌تو‌ماشین‌حساب‌میزنیم… 🙄 چراواقعا؟🤔😐,0
😂😂😂😂 یوتھیا کیندا میں تیری نقل مار لاں میں کیا تو نقل مار لے میں فیر تیری اصل ماراں گا 😂,1
 وہ رابطے بھی انوکھے جو دوریاں برتیں وہ قربتیں بھی نرالی جو لمس کو ترسیں🔥,0
آصف غفور صاحب سے ایک اینکر نے سوال پوچھا.؟؟ سر آئی ایس آئی میں کل کتنی تعداد میں بندے ہیں.. میجر جنرل آصف غفور صاحب کا یاد گار جواب👇 پاکستان میں سوائے غداروں کے باقی پورا پاکستان I. S. I ہے.. سر جہاں بھی رہے اللّہ پاک آپ کو کامیابیوں سے ہمکنار کرے🤲,1
مہنگائ کا خاتمہ اولین ترجیح ہے ہماری اصل اپوزیشن مہنگائ ہے عمران خان بالکل کپتان مہنگائ کی وجہ سے بہت سارے غریب لوگ بددل ہورہے ہیں۔ مہنگائ ختم کریں تو اپوزیشن خود ہی ختم ہوجاۓ گی۔ اپوزیشن پر ٹائم نا ضائع کریں وہ ہم پر چھوڑ دیں 😑,1
😂😂🤣🤣👊👊 نکلے یہاں سے سو جائے آپ بچوں کو شغل کرنے دے🙊🙊😂🤣🤣,0
بھولا نہیں اگنور کیا ہے آپی سچ میں بہت افسوس ہوا😢😂😂😂😂,0
یہ کیا ادا ہے کہ جب ان کی برہمی سے ہم نہ مر سکے تو ہمیں مسکرا کے مار دیا 📚عبدالحمید عدم اردو_زبان,0
یہی وجہ ہے کہ ہم انھیں فیلڈ کمانڈر کے نام سے یاد کرتے، لکھتے، پکارتے ہیں Salute You Commander 🙋✌️,0
اینوں کسے وی گرفتار نہیں جے کرنا بلکے گرفتار ہون گے 😂😜,1
کنڈیکٹر لیڈیز سیٹ پر کیوں بیٹھے ہو😡😡 دل جلے ؛ جی فیس بک پر میرا نام عائشہ ہے,0
 میرا کوئی نام ھی نہیں لیتا اس کا مطلب ھے میری کارکردگی سب سے ٹھیک ھے 😝😅😝 سائیں بزدار,1
ہاہاہاہاہاہا 🤣😂,0
خان صاحب شکار کو تھکا کر مارتے ہیں اس لیے فلحال کتوں کو بھگا رہے ہیں پھر فائر کریں گے😋,1
وہ بغاوت کرکے چوتڑ بجوا سکتے تھے لیکن انھوں نے دباؤ دینا مناسب سمجھا ,0
طالبان کے وفد سے مدد لے لیں فوری انصاف اور حقیقت واضح ہو جائیگی خوش قسمتی سے آجکل پھر سے پاکستان میں پاۓ جاتے ہیں 😀,0
300 فالورز کا اضافہ کریں لسٹ میں شامل ہونے کے لیے آئی ڈی مینشن کریں ریٹوئیٹ کریں 🔄 ریٹوئیٹ والوں کو فالو کریں اور فالو بی…,0
🤣🤣😂😂 لوکیشن مانگ رہا خود آ کر درگت بنائے ہراسمنٹ کر رہا ہے,1
میری راتوں کی رونق چھین لی اس نے وہ شخص اب مجھ سے بات نہیں کرتا 🙃💔 دل_کی_صدا💔🥀,0
پٹواری کی ڈی جی نیب کو دیکھ کے ہوا نکل گی 😂😂😂,0
سیاسی دامادوں کو عزت نہیں دی جاتی یقین نہ آئے تو زرداری کو دیکھ لیجیے ,1
شکریہ 🌼😎,0
 `` _معصوم سی آنکھيں ، پيارا سا چہرا، اور اچھا اخلاق😊😊 يہ تو ہوئی ميری بات👍 اور سناٸيں کيسے ہيں آپ؟😝😂,0
محبت ایک ایسا خوبصورت جنگل ھے جہاں بہادر شیر 🐯 ایک ہرنی 🦌 سے مارے جاتے ہیں😓,0
بلاول۔ جب وزیراعظم پاکستان کی بجائےچیف جسٹس پاکستان کی بجائےچیف آف آرمی جنرل باجوہ سے درخواست کریں گے ۔کیسےجہموریت مظبوط گی😇,1
 کل میاں صاحب انکی منجی چوک میں رکھ کر ٹھوکے گے اور آئی جی سندھ کو اغوا کرنے پر وڈے بلب سے  سٹیٹ ابو سٹیٹ  پر روشنی ڈالینگے,1
منصور صاحب آپ کیا اِن جاہل لوگوں کی بات پہ اعتبار کر رہیں جو صرف اگلی ہی پُشت کو ہی لیڈر سمجھ کر نیچے لگ جاتے ہیں، حیرت و لانت اُن سیاستدانوں پہ ہے جو انکی پارٹی میں کافی سالوں سے جوتے گھسوانے کے بعد بھی اُنکی اگلی نسلوں کے تلوے چاٹ رہے ہیں۔۔۔💁🏻‍♂️,1
 فجر وسیلہ ہے،رب سے مُلاقات کا۔💞,0
بہت خیال رکھتے ہیں ... وہ اپنے دل کا♥ اِدھر نہیں لگتا ... تو اُدھر لگا لیتے ہیں____🔥,0
#ریلوے_پولیس_کو_رہا_کرو . کیوں وہ کوئ گلو بٹ ھیں؟حد ھی ہو گئ پاکستانیوں. شریفوں کا قانون نھیں پڑھا ابھی تک. #طنز,1
#پاکستان @ImranKhanPTI اپوزشن پر تنقید تو ٹھیک ہے لیکن کسی کو برے القاب سے یاد کرنا ٹھیک نہیں۔ قانون کی روشنی میں کسی کو چور کہنا ٹھیک ہے۔ لیکن چیری بلوسم وغیرہ۔۔۔,1
تم ڈکٹیٹر ضیاء کے ڈنر سیٹ کے وہ آخر چمچے ہو جس کی `` پلیٹیں `` لندن میں علاج ڈھونڈ رہی ہیں۔ پتہ اسے بھی ہے کہ آخری علاج فوجی بوٹ اور خان کی پشاوری چپل ہی ہے 😂😀,1
باجوه تو ظلم ھے ن ليگ کو کندی لايا سو بقول نواز شريف کے اب اس نوٹس پر کيا حق کا فيصلہ کرے گا 🔥🔥🔥🔥🔥🔥🔥🔥🔥🔥🔥,1
 نواز شریف کا تو پتا نہیں لیکن یہ کیپٹن صفدر کو نیلسن منڈیلا بنا کر چھوڑیں گے 😛,1
کپتان صفدر اعوان نہ جذباتی ہوندا تے نہ ایہہ سارا کم پیندا 😃 سارے اعوان، بابر اعوان تے فردوس عاشق اعوان نئیں ہوندے,1
بالکل شوکت صدیقی کے لئے تو ضروری ہے کیونکہ وہ نواز شریف کی تقریر لکھنے والے عرفان صدیقی کا قریبی رشتہ دار ہے ... 😅 جسٹس ملک قیوم کو بھی بہت عزت دی تھی آپ کے والد اور چچا نے ... 😅😅😅,1
واہ واہ سرکس جمایا ھوندا اس پٹواریاں دا😂😂,1
ملکہ برطانیہ سےکہو کوہ نور بےشک واپس نہ کرے مگر وہ جنگلی ڈنگر ضرور واپس کر دے جو پاکستان کی ساری فصل اجاڑ گیا ہے😊,1
اللہ کی پناہ آپ کے ماموں کا بیٹا ایسا 🤔 مطلب اینا کوجا ۔۔۔ جیک پاء جی تسی گریٹ او 😅,0
جماعت اسلامی نے ھمیشہ گدھے اور مالک کے درمیان رسی کا کردار ادا کیا ھے اور وہ بھی مزھب کا استعمال کر کے، اور مالک کون رھے یہ تو آپ جانتے ھی ھیں 🙏نوٹ آپ سب دوستوں سے التجا گزارش ہے ہمیں بھی فالوکریں شکریہ,0
ہمیں کیا معلوم تھا کہ عشق ہوتا ہے کیا بس ایک تم ملے اور زندگی محبت بن گئی.♥️,0
اس سے گھٹیا بھی کوئی انسان ہو سکتا اس دنیا میں 🖐💯,1
@AzharMKhan3 بڑے بھئی مزاح کی حد تک ٹھیک ہے۔ جہیز بھی اسی معاشرے کا بگاڑ ہے جس کو ریجیکٹ کرنا میں سمجھتا ہوں سب سے بڑی زمہ داری دولہا راجا کی ہے۔,1
 کامی بھائی تِلک گئے۔۔۔🤭🤓 یہ جاہل گندے عوام مر کیوں نہیں جاتے جو مہنگائی پیدا کررہے ہیں 😭,1
کیوں لدھڑ کل تو بڑی ڈینگیں مار رہے تھے ۔۔منہ پہ واپس پڑی تو مکر گئے 😂😂😂,0
ھاھاھاھاھا کوئی حال نہیں 😃😃,0
افسوسناک '' روزہ رسول پر لوگ نعرے تو کیا گالیاں بھی دے دیتے ہیں '' صفدر کے دفاع میں رانا ثناءاللہ کی بکواس 😡😡😡,1
چیف نے کراچی واقعے کا نوٹس لے لیا نیوز چیف اپنا نالائق لونڈا سنبھالو ورنہ۔۔۔۔۔۔۔😠😡,1
آرمی چیف کا ایل او سی کے چھمب سیکٹر کا دورہ کراچی میں رینجرز کی بدمعاشی پر عوام کی توجہ ہٹانے کی کوشش میں کسی حد تک کامیابی😇😇,1
یہ شریف خاندان کا کتا ھے اس لیے شرم سے سر جھکائے ہوئے ھے ,1
ھاھاھا کمال کر دیا ای کانٹ سٹوب لافینگ 😂😂,0
اگہ کسےدرجنگ شهـیدبشہ یڪبارشهـیدشده اماکسے اگہ باهواےِ نفـس خودش بجنگه هرروزشهـیدمیشہ 🍂آیٺ الله جـاودان🍂,0
عشقیہ 😂😂,0
بے شرم حکومت کو شرم آنا چاہیئے چلغوزے 2500 روپے کلو میٹر ہو گئے ہیں بلاول بھٹو 😜😂🤣 نااہل_حکومت_چوراپوزیشن,1
محمود اچکزئ کہتا ہے اردو زبان ھماری نہیں ہۓ۔ یہ بات بھی اچکزئ صاحب نے اردو میں کہی ہے 😂,1
چائے اور اخلاق جب بهی گرتے ہیں ... داغ ضرور لگتا ہے ... .🥀✨,1
 مجال ہے جو تیرے منہ سے کبھی مناسب بات سنی ہو۔ ,1
مریم فراڈن کہہ رہی کہ بینظیر صاحبہ کو میرے والد بہن کہتے تھے تبھی تو بہن کی تصویریں ہیلی کاپٹر سے پھنیکتا تھا وہ بھی برہنہ اور پیلی ٹیکسی کہتا تھا ہے نہ,0
یو بے گناہ پہ کیئ مڑ شو نو۔۔۔😢,0
بیانیہ 👈 تمام برائیوں کی جڑ جنرلز ہیں دعوی 👈 ملک کو جنرل باجوہ کی خدمات کی مزید ضرورت ہے۔ ایکسٹینشن دینے کی غیر مشروط حمایت کرتے ہیں۔ DefendersOfIslamicIdealogyOfPakistan,0
😍عشق جب تم کو راس آۓ گا 💔زخم کھاٶ گے 😊مُسکراٶ گے,1
او فرح دند نہ نکالو پلیز 😂😂,0
شرم کڑیاں نو آنی چاہی دی.. منہ تے لیپ کر کے پہنچ جاندیاں 😂😂🤣,0
اتنی قبریں نہ بناؤ_____میرے اندر محسن میں چراغوں کو جلاتے ہوئے تھک جاتا ہوں 💔,0
سندھ حکومت نے حلف اٹھایا ہے کہ سندھ میں کہیں بھی کوئی ترقیاتی کام نہیں ہوں گے۔ نہ خود کرینگے اور نہ کسی اور کو کرنے دینگے 😭😷😭,1
 وطنِ عزیز میں وزارتِ داخلہ کے تحت لیئے جانے والے نوٹس آرمی چیف لیتا ہے۔ 😊,1
اوہ میں بھول گںٔی تھی سوری بھول گیا تھا😂😂,0
نہی پوچھوں گی کون 😂😂😂😂,0
آنیوالے وقت کا زرداری,0
انڈے 216 روپے درجن ہوگئے ہیں مگر گندے انڈے ابھی بھی کہہ رہے ہیں ہمارا کپتان سب کچھ ٹھیک کردے گا  StateAboveStateRejec…,1
بھٹو ساب غصہ میں ھو آج لگتا لگتا😂😂😂,1
"@Sarah99237272 آپ کو تو سمجھ جانا چاھئیے تھا اس عمل کو عرف عام میں آسانی سے جنت میں کارنر پلاٹ اپنے نام کرنا کہتے ہیں۔ اردو میں ایک محاورہ بھی ہے ""ہینگ لگے نہ پھٹکری اور رنگ بھی چوکھا آئے""
#Sarcasm",1
یہ مقابلہ کب منعقد ہوا😎,0
😂😂چنگا اے بھائی 😁,0
 سنو تم میرے ہو جاو🙈🙈 سردیوں میں مالٹے چھیل کے دیا کروں گی😛😛,0
بلاول۔ جب وزیراعظم پاکستان کی بجائےچیف جسٹس پاکستان کی بجائےچیف آف آرمی جنرل باجوہ سے درخواست کریں گے ۔کیسےجہموریت مظبوط گی😇,1
آرمی چیف کا نوٹس طلال چوہدری کی چیخیں بتارہی ہیں کہ دم پر پاؤں آگیا ہے 💪,1
 آئی ویل مِس پری سمیسٹر فن۔ ,0
ہاہاہاہاہاہاہا میں سوچا ایڈوانس کر دیتا ہوں 😷😷😷😂😂😂,0
دوستوں مارو مجھے، مجھے مارو😌 میں بچپن میں اصلی نوٹوں سے نقلی نوٹ خریدتا تھا..😐🙄😁😂🤣,1
جو کام 😝لاہور میں ایس ایس پی 😝کرنا چاہ رہا ہے 😝کوٹ مارشل 😝اور پنجاب پورے میں یہ نفاز ہو گا 😝یہ سندھ پولیس نہیں چاہتی 😝😝😝بات اتنی سی ہے 😝سب ڈرمے ہو رہے ہیں 😝😝😝😝,1
 بھونکنے کی حد تک برداشت کرو لیکن جب کاٹنے پر اَجاےتب کتے کو گولی مار دینا ہی بہترین آپشن ہوتا ہے💪💪 I stand PakA…,1
کب کا نکل چکا 😂🤣,0
کوئی داغ لگائے کیسے؟ باوضو ہے محبت میری ♥️,0
مریم نواز کو انگلش نہیں آتی اور بلاول صاحبہ کو اردو نہیں آتی اور انکے سپورٹرز کو شرم نہیں آتی ,1
تم سے😂😜,0
نون سے ناکامی ۔۔ اب بس کر دیں بہت راز اُگل چُکے نون کے ,1
حلوے سے انکار کيا جائے کيسے کيسے کيا جائے انکار _______؟ 😅,0
 وزیراعظم کیپٹن صفدر وزیراعظم کیپٹن صفدر وزیراعظم کیپٹن صفدر ,1
خان کا ایک اور وعدہ سچا ھو گیا 😂باھر کے لوگ پاکستان کا ویزہ لینے کے لئے تڑپیں گے,1
پتہ ہے بنگلادیش ہم سے آگے کیوں نکل گیا۔؟ کیوں کہ وہاں نا بُھٹو زندہ ہے نا کسی کُتے کے بچے کو شیر سمجھا جاتا ہے 😁,1
 الحمداللہ کہنے کی عادت ڈالئے کیونکہ اللہ تعالیٰ شُکر گزاروں سے بہت محبت کرتا ہے ❤,0
ڈالہ😜😜😜😜,0
اگردر دیندارۍپخته‌شُدید،‌خام‌نخواهید‌شد ولےاگرداغ‌شُدید،احتمالاسردخواهیدشد.🌱 +پخته‌شویم,0
سرکاری نوکری سندہ میں سندھی بولنے پر نہیں نوٹ دکھانے پر ملتی ہے 😂,1
"ایسی handwriting پہ میرا پرائمری سکول ٹیچر مرغا بناتا تھا۔ کاش اِنہوں نے بھی تختی لکھی ہوتی 🙃

#Sarcasm 
 #عزم_و_ہمت_کے100دن https://t.co/o14pLwsCh5",1
میں فقط اتنا سچا ہوں🖤 کہ میں مانتا ہوں میں برا ہوں🚬🌚,1
آہو اللَّهُ تے ویکھ ریا نہ ... 😅🤔,0
 دل لگانے کو سارا جہاں باقی ہے مگر ہمیں کیڑا ٹویٹر کا ہی ہے 😅😌🤣,1
یہ بڑوں کی لڑائی ھے اس لیے۔ خان چپ ھے ۔۔😀😀😀,1
آپ دونوں بھی آر ٹی کے بھوکے لوگوں سے چھٹکارا چاہتی ہیں 😁😁😁😁,0
مطلب یہ تو شاعر فرقہ واریت کو ھوا دے رھا کھلم کھلا CivilWarInPakistan تو پہلے ہی پاکستان میں ہر گلی محلے میں جاری ھے یہ تیل چھڑک رھا 😂,0
 خُود کو مُنافقوں سےمُبرا کِیا کرو پاک سیدہ ؑ کے قاتلوں پے تٙبرا کِیا کرو لعنت ... ... بیشمار ⚡,0
آرمی چیف کے پاس اب یہ کام رہ گیا ہے کہ صفدر جیسے فارغ اُل دماغ انسان کے کیس کی تحقیقات کرائیں گے۔۔وہ بھی بِلّو کی اپیل پہ۔۔بُہت جلد ہر عام پاکستانی کو اپنے مسائل کے حل کیلئے آرمی چیف سے اپیل کرنی پڑے گی اور اُمید ہے آرمی چیف ہر اپریل کرنیوالے سے رابطہ کر کے حل بھی کرائیں گے۔۔💁🏻‍♂️,1
ایسی نانی صرف دگڑ دلوں کی کی ہو سکتی ہے 😁,1
بخدا یہ تمام سیاستدان مل کے بھی مولانا صاحب جتنا شعور، فہم نہیں رکھتے۔ انشاءاللہ رب کعبہ پگڑی والوں کی عزت پامال نہیں ہونےدیتا۔ اللہ کریم حضرت کو صحت عزت زندگی میں‌مزید برکت عطا کرے۔ ہم نوکر مولانا صاحب کے۔ 🌹🌹🌹❤️❤️❤️,0
مٹی خراب کرتے ہو کیوں بیمارِ ہِجر کی جو تم پہ مر گیا اُسے دفنانا چاہیئے 🍂 اردو_زبان,0
 چہرہ صاف دل میں داغ منہ پہ آپ پیچھے سانپ 🥀🔥,1
لوگ ہماری زندگی کا ایک صفہ پرھ کر 👉 پوری کتاب لکھ لیتے ہیں🤐,1
 اسکا مطلب کیپٹن صفدر کے ساتھ مریم فری 😂😂,1
جاندی ایندا نئی قصور سب راء انڈیا کراندا پیا اے نمانی کولوں 😂,1
دنیا میں موٹاپا وہ واحد چیز ہے جو دوسروں کے پاس دیکھ کر جلن نہیں ہوتی۔😂😂😂😂🙈🙈🙈🙈🙈🙈,1
حکومت ختم ہو چکی ھے اب صرف ہٹ دھرمی باقی ھے ,1
"@asmashirazi 
یہ جو شہباز شریف کے انٹرویو لے رہے اور خاتونِ اول کے بارے میں گھٹیا گفتگو پہ بجائے تنقید کے دانت نکال رہے ہیں۔ 
کل کو اگر خان صاحب کے سپورٹرز کچھ کہیں گے تو آپوزیشن کے ساتھ ساتھ میڈیا بھی چیخے گا کہ خان صاحب کے سپورٹرز گالیاں دیتے ہیں اخلاقی",1
آپ کی اس ٹویت کو سندھ پولیس کے حق میں تصور کیا جاتا ہے,0
یی تو گاسلیٹی ڈیزل ہئے یی پہر مکس آچار بن گیا مارخور😂😂😁😛🤭,1
 کے پی کے حکومت میں ایک اور وزیر مٹرک پاس نکلا 😜,1
ھم ٹنشن لیتے نہیں ٹنشن دیتے ھیں 😂😂😂😂😂,1
تُو ہی بتا میرے بَھیا کہاں سکوں پاؤں مدینے جاؤں یہ کربوبلا میں رہ جاؤں 💔😭💔,0
سب کا✅✅✅,0
کدو 200 روپے گَز ٹینڈے 100 روپے فُٹ مولی 300 روپے میـٹر شاعر کا نام بتائیں؟,1
میرے پاس دو عدد مرغیاں ہیں جو روزانہ چار کلو انڈے دیتی ہیں تمہارے پاس کیا ہے؟؟😆😂,1
سب اچھے ہیں پھر برے کون ؟ 😊😊,1
 خاتم_النبیین_محمدﷺ نے فرمایا 🌹 تمام نیک اعمال کا دارومدار نیت پر ہے اور ہر عمل کا نتیجہ ہر انسان کو اس کی نیت کے مطاب…,0
یہ کنجر کا بچہ اسی مُلے لُلے دلّے کا پیروکار کتا ہے جس کا حرامی باپ خود کہتا تھا کہ یہ فضلو باہر جا کر پیسوں کے عوض اپنے ماں باپ کی رات کی کاروائی کی باتیں بتاتا ہے۔ سالے دی شکل ویکھو جیویں بنڈ نوں کھرک پئی ہوندی😂,0
جھوٹی اور فراڈن ہے لفافوں کی  نانی  وہ کاغذ کی کشتی وہ بارش کا پانی ۔ ,0
@SarmadHameed4 مزاح تو تب ہے حمید بھائی کہ جب وہ قاتل پاکستان آۓ تو اس کا نام حکومت ECL میں ڈال دے پھر دیکھتے ہیں کون اس کو جانے دیگا,1
لیکن انکو بھی صبر دے جن‌کے پاس جھوٹ بیچنے کے علاوہ کچھ نہیں۔۔۔ بیچارے روز کوئی پروپیگنڈہ کرتے ہیں پھر ایکسپوز ہوجاتے ہیں اور لوگ سوشل میڈیا پر صحیح درگت بناتے انکی 😂,0
جی کیوں نہیں بس سب آپ کی تربیت کا اثر ہے استاد محترم ۔۔۔۔ 🙈🙈🙈,0
روکا تو نہیں مہارانی جی، لیکن اجازت لینا خاکسار کا فرض ہے ,0
 جس جس کو فری میں فالورز چاہیے وہ بس ریٹویٹ 🔃 کر کے ریٹویٹ 🔃 کرنے والوں کو فالو کرے🔄۔ شکریہ مارخورز,0
ہنسنا سنت ہے 😂😂,0
ا🤣🤣🤣👌🏻👌🏻 گر آپ کی بیٹی ہوئی تو کیا نام رکھیں گے آپ,1
عوام کی جتنی چیخیں کمپنی نے تہتر سالوں میں نکالیں  میاں صاحب نے انکی اتنی ہی چیخیں پچھلے 73 گھنٹوں میں نکلوا دیں,1
ہم تمہارے بغیر جینے کی۔۔۔۔ ✨ پہلی کوشش میں ہی مارے جائیں گے,0
میں نے کسی کی ڈیوٹی لگائ ہوئ ہے مجھے ڈی ایم میں آ جاتی ہو لگا لیتا ہوں 😅😅🙈,0
لوگ تو یہ بھی کہتے تھے کہ عمار مسعود بندے دا پتر ہے 👉🤔,0
ثناءکوٹوئٹرچلانےکاسب سےزیادہ مزہ آرہاہے۔۔۔۔ 🙊🤪😝😂💪💃💃,0
دماغ میں ایک حسینہ کا پہرا ہے 😜,0
"آخری چار ٹیسٹ میچز می صرف 80 رنز بنائے لیکن فواد بھائی اس مشکل وقت مے ہم آپکو سپورٹ کریں گئیں اور ہمے امید ہے کہ اپ اچھا کم بیک کریں گئیں۔اپ میچ وننر ہیں اور تنقید کرنے والوں کو اپنی میچ وننگ اننگز سے جواب دیں گے۔
#SupportFawadAlam https://t.co/k0LostdsPi",0
لاحول ولا قوۃ الا باللہ 🙈,0
وہ سامنے کیمرا لگا ہوا ہے اسکی طرف دیکھ کر ہاتھ ہلا دیں ۔ 😂 گریڈ 22 کے آئی جی کو اغواء کرکے کے پرچہ درج کروایا گیا۔ لیکن بقول وزیراعلیٰ سندھ پولیس نے ٹھیک کیا۔ جنہوں نے آئی جی کو اغوا کیا وہ ضمانت والے جج کو اغوا نہیں کر سکے؟,1
گالف کا سینٹر صرف ایک ہوتا ہے لہذا آپ وہاں بھی فٹ نہیں ہو رہے ہیں ,1
صلی اللہ علیہ وآلہ وصحبہ وبارک وسلم آمین🌷 اللہ کی امان میں رہیں ہمیشہ آمین جزاک اللہ خیرا🌷,0
مجھے ان لوگوں سے محبت ہے جو مجھ سے نفرت کرتے ہیں 😒,0
ابے او جاہل انسان ... سندھ تو ٹھیک سے لکھ لے..😕,0
@hinaparvezbutt آپ بھی ایک ایسا کرکے دیکھاو، آپ تو ٹاک شو میں جواب نہیں دے سکتی، بی بی سیاسی تربیت ٹویٹر پر نہیں میدان میں ہوتی ہے۔ جب مجھے ہسنے اور لوٹ پوٹ ہونے کا موڈ ہوتا ہے آپکی ٹویٹس پڑھ لیتا ہوں یقین کریں پنجابی فلم سے زیادہ مزاح اس میں ہوتا ہے۔ اچھ,1
 الحمداللہ 💞 پاکستان گرے لسٹ سے نکل کر فیٹف کا رکن بننے جا رہا ہے۔۔ وزیراعظم عمران خان کی ٹیم کی جانب سے حماد اظہر نے اگر یہ…,1
نہیں نہیں ہلکے ہلکے بے عزت تے عقیدت مند وی ہون گے۔😂😂,0
@pak14_8 آپ لگے رہیں  ہر کسی کی اپنی رائے ویسے میں بھی مانیکا خاندان پر تنقید کرتی ہوں 😅😅,0
ہوں آپ سمیت سب پرانی بلکہ سب سے پرانی ہی آپ😂,0
پتہ چل رھا ھے کہ اب کون سی سواری میدان میں آئے گی۔ عزت بچاؤ تحریک چلائیں 🙏🇵🇰🙏,0
بہت ہی زبر دست طریقہ سے😂,0
फिजा की खुशबू बता रही है मेरे आका ﷺ की विलादत आ रही है ... ❣️ ❤️ﷺ❤️ﷺ❤️ﷺ❤️ﷺ❤️ﷺ❤️,0
حکومت ختم ہو چکی ہے اب صرف ہٹ دھرمی باقی ہے۔  عمار مسعود,0
کبھی تو مار دیں گے وہم تیرا کبھی تو ہم بھی جینا سیکھ لینگے 🍂 اردو_زبان,0
اتنا قسمت کہا 😭,0
پهس گیا بیچارہ یہ صرف دیکھ سکتا کھا نہیں سکتا جس دن کمرے میں رکھا پولیس بلا لی 😂😂 اے صرف ہن چھتر ہی کھا سکدا,1
مریم کو چاھیے صفدر کو زرداری کی شاگردی سے بچائے سمجھدار کو اشارہ کافی,1
 لندن سے عظیم پاکستانیوں کا نیا نعرہ مارکیٹ میں آ گیا گلی گلی میں شور ہے فلیٹ کے اندر چور ہے😜 فوج_ہے_تو_پاکستان_ہے,1
پیپلز سیکرٹریٹ میں ضلع شرقی اجلاس کے بعد عہدیداران کا خوشگوار ماحول میں طنز و مزاح کرتے ہوئے ایک یادگار فوٹو۔ https://t.co/weGLqoYBY0,1
کمال ہے ۔۔۔۔۔مولوی دی پاور ,0
😂😂😂😂😂😂😂 وہ نہیں دیکھیں گے کیونکہ اس میں سیدھی سیدھی جیل ہے,0
 کتا 🐕🐶 ارشاد بھٹی بھونک رہا تھا، ڈریں اس دن سے جب فوجی افسروں نے چھٹیوں کی درخواست دیں گے۔ او 🐕 وہ دن کب آئے گا چھٹیوں ن…,1
یہ پتہ ھونے کے باوجود کہ سگریٹ صحت کیلیئے مُضِر ھے😐 آپ پھر بھی سگریٹ پیتے ھو😥,1
صحافت کے نام پر دھبہ ہو دلال ہو باجوہ نال توں پین ویائی اے 😂😂,1
 ایک بندہ استعفیٰ دے رہا ہے مگر ایک بندہ لے نہیں رہا گیم آن اور دلچسپ مرحلے میں داخل ,1
نو سوری نو تھینکیو 😒😂😂👊,0
 دنیا کے سب سے بہترین لیڈر حضرت محمد صلی اللہ علیہ وسلم ہیں 💞 💞 💞 خاتم_النبیین_محمدﷺ,0
پاکستان کی کہہ دین تو بہتر ہو گا 😬خیر انھین سالگرہ مبارک کتنے سال کی ہون گئیں ہین,0
تاریخ گواہ اے تسیں وی کدی کوٸی چنگا ٹویٹ نہیں کیتا۔😏😏😏,0
چل مہمانوں میں کھانا سرو کر چڑیل چاچی نوں دسدی آں میں😂😂,0
پل بھر میں کیسے بدلتے ہیں رشتے اب تو ہر پٹواری 😂 جیالا لگتا ہے😂😂😂😂😂,1
محفل میں فرشتے ہی فرشتے نظر آئے ہم نے فقط پوچھا تھا گناہ گار کون ہے..💯💯 مینٹل,1
اپوزيشن والے کروڑوں لگا کر جلسہ کرتے ہیں انصافی گھر بیٹھے سو کا پیکچ لگوا کر جلسے کی ایسی کی تیسی کر دیتے ہیں 🙈😜😂 بزدارکی_پرواز_بلاول_بیکار,1
زیادہ ہے ٹکے میٹر کر لیں پلیز 😂😂😂,0
"بھارتی فلم دیکھنے پر منیب بٹ اور ایمن خان تنقید کا شکار
ویڈیو دیکھنے کیلئے لنک پر کلک کریں:
https://t.co/ylMb1BI4fF https://t.co/DNJhJ4Wikp",0
جانو ہے یا کوئی جانور 😁🤣,0
میں پیپلز پارٹی سے وابستگی رکھتا ھوں۔۔ لیکن اگر فرد کے مفاد کے خلاف میری پارٹی بھی جائے تو تنقید کرتا ہوں یہ میرا جمہوری حق ھے۔۔ تین مسلے ایسے ہیں جسے صرف پی پی پی ھی حل کرسکتی ھے ۔۔ ملائیت شدت پسندی ۔۔ ملکی معیشت۔۔ ازاد خارجہ پالیسی ۔۔ شدت پسندی اس ملک معاشرے کو نگل رہی ہے۔۔,1
اے سارے میشی دی اولاد نے گوں رائے چوں 👊,0
شــــــــــــکریــہ آپی ،🌸,0
شادی ہمیشہ سوچ سمجھ کر کرنی چاہئے جلد بازی کا انجام آپ کیپٹین صفدر کی زندگی سے لگا سکتے ہیں🤣😂,1
@LabourOverseas @AneelaNoreen2 تو میرے بھائی آپکا مطلب یہ ہے کہ باہر سے آنے والے ہر آدمی کو  پی ٹی اے کچھ نہ پوچھے نہ کوئ روک ٹوک پابندی ہو موبائل چلانے کی تو مجھے بتائیں کونسا ملک اپنےاوورسیز شہریوں کو یہ سہولت دے رہا ہے؟ تنقید برائے تنقید کا کوئ فایدہ ن,0
وہ نانی ہو کہ بھی تم سے ذیادہ ینگ لگتی لگتا مریم نواز کے حسن سے اچھی خاصی جیلسی ہے تمہیں 😂,1
میری زندگی میں اب ایسا کوئی نہیں جس کی میں پرواہ کروں⁦✌️⁩ توڑ دیئے بھرم سارے 💔 کچھ بہت عزیز لوگوں نے🥀,0
 `` آدمی غلطیوں سے ہی سیکھتا ہے '' خیال رکھیں آدمی سیکھتا ہے، عورت نہیں.. کیونکہ عورت کوئی غلطی نہیں کرتی😜😜😜 محفل_سخن تح…,0
 یا اللّٰہ ،، مجھے وہ عطا کر دے،، جس کی میں نے تُجھ سے امید لگائی ہوئی ہے،،💕 دن_بخیر دوستو ☺️🌹,0
کل تک پاک فوج کو گالیاں دے رہے تھے اور آج PDM پاک فوج سے انکوائری کی سفارش کر رہی ہے اسے کہتے ہیں تھوک کر چاٹنا🤣😂🤣,1
"@AhmedNoorz Few 💧💧... 
ھمارے گناہوں کیوجہ سے ھم پر بارش نہیں ہوتی ورنہ پنجاب میں دیکھیں جہاں کنہگاری نہ ہونے کے برابر ہے،  کتنی زیادہ بارشیں ہوتی ہے۔
اللہ ہمارے اعمال اچھے کرے کم از کم خشک سالی کیلئے ہی سہی
#طنز",1
یہ چیز ,0
بلی کی اماں کب تک خیر منائے گی کبھی نہ کبھی تو چھری کہ نیچے آئے گی 😂 جئے بھٹو,1
کردی ہے ٹویٹ 😊😇,0
جنرل قمر باجوہ تم غدار ہو قومی مجرم ہو تمہارے خلاف آرٹیکل 6 کا مقدمہ بننا چاہیے😷 باوجی آپکو سلام باجوہ بکسہ چور کو ننگا کر دیا🐅,1
ثانیہ خود مریم نواز کی جلسے میں تصویریں لیتی ہے اور مریم کی سامانوں کی حفاظت کرتی ہے جیسے کہ مریم کی بیگ سنبھالنا اور مریم کے موبائل سنبھالنا پھر مریم نے ایم پی اے کی سیٹ سے نواز لیا 😂😂😂,1
عالیہ آپ کی دعاٶں میں بڑا اثر ہے ماشاءاللہ💞❤💞,0
`` وہ بھی کیا دور تھا جب ن لیگ اور پی پی والے آپس میں الیکشن الیکشن کھیلتے تھے جو جیتتا تھا مولانا اسکا ہوتا تھا '' 😂😂,1
لیکن میں نے ایک کلو 🍌 کیلے خریدے ہیں,0
ہم بھی یہی کہتے ہیں اورجانتے ہیں نوازشریف کی بے حسی کی وجہ یہی تھی کہ وہ عوام کی ووٹ سے کبھی منتخب ہو کر نہیں آیا اقتدار میں پاکستان میں حقیقی جمہوریت آ جائے تو اس کے ثمرات ضرور ملیں عوام کو لیکن افسوس ہمارے نصیب میں نواز شریف اور زرداری جیسے لوگ ہر دور میں رہے😢,1
اور پھر ادھر ہی انکو ہتھکڑی لگا کر تھانے میں بند کر دیا 😜,0
زرداری کو مکار اور بزدل کہنا درست نہیں 😋😋,1
پولیس والے بھی اگر چوراہے کھڑے ہو کر بھتے مانگنے کی بجاۓ سیمنٹ کے کارخانے لگاتے تو آج یہ ادارہ بھی بہت مضبوط ہوتا سوچئے ,1
محترم ففتھ جنریشن اور ہائبرڈ چیف آپ نے تو غزوۂ ہِند کرنا تھا، آپ غزوۂ سندھ کر رہے ہیں۔😐 StateAboveStateRejected,1
روتا ہے کیا آگے آگے دیکھیے ہوتا ہے کیا 😁,0
سبحان اللہ✅,0
سیاسی تبصروں، خوش ذائقہ کھانوں، انگلینڈ اور امریکہ کی سیاحت اور طنز و مزاح سے بھرپور ٹویٹس سے لطف اندوز ہونے کے لیے @ItzUzmaHere کو ضرور فالو کیجئے 🙏🙏,1
 انیس بیس سالوں نے تھکا دیا ہمیں یہ لوگ ساٹھ ستر کیسے گزار لیتے ہیں💔,1
ماشااللہ💙,0
 شریفوں کو گالیاں اور خود بھیک مانگ کر 😁 مدد کے نام پر تالیاں 😏 فراڈ ستان پکڑے جاؤگے تسی 😁 پنجاب پولیس زندہ باد,1
تعویذ میں بھی ملاوٹ 😂 مارخورز,0
جی کراں ❤ واٹس ایپ پہ آ جائیں,0
بلاول کا تفتیش کے لیے آرمی چیف سے مطالبہ 😂😂🤣 در فٹے منہ فیر اپنے فیصلے آپ نہیں کر سکدے ابو کو ہی کہتے ہو,1
بات کرنے کا دل تو کرتا ہے مرشد کبھی دل ساتھ نہیں دیتا🥀 کبھی روح ساتھ نہیں دیتی 🥀 Hifian 🔥,0
جزاک اللّٰہ الخیر 💐💐,0
آج کل آپکا بھائ گیانی ہوا ہے ۔۔۔۔ غرور آگیا ہے😂😍,0
کیا کہنے👇 سندھ پولیس نے تو کمال کردیا۔👏✊ ایسی چنگاری بھی یارب، اپنی خاکستر میں تھی 👌,1
اے پیارے ساتھیا❤ تم جب لکھتی ہو ہر حرف روح تک پہنچتا ہے تم ہر حرف محبت کی چاشنی سے سینچتی ہو اسے نم آنکھوں کا پانی دیتی ہو سانسوں کی مہک ڈالتی ہو دل کے جذبوں سے گھولتی ہو اور حسین ہونٹوں کا لمس دیتی ہو 🍃🌼🌿🌸☘,0
 یہ ہم سے رات کے اس پہر اس ٹرینڈ میں ٹویٹس کروا رہا یہ بھی ایک کیڑا ہی ہے 😂,0
قتل نہ کرو بس ________محبت کر کے چھوڑ دو کسی قاضی سے پوچھ لو یہ بھی سزائے موت ہے🔥 اردو_زبان,0
سب اس پر خفا ھیں کی صفدر شریف 😄کو گرفتار کیا مگر افسوس کسی کو نئیں کہ مزار قائد کی بے حرمتی ھوی اب ۱4 اگست کو قائد کے بجائے صفدر کے گانے گانا,1
کسی نے لگایا ہے 😁😁😁,0
میرا کھلا پیغام بھارت کو ہے ___ میں پاکستانی ہوں 😂😂 سمجھ تو آگیا ہوگا میرا مطلب 😂 زھرا,1
 شکریہ عتیق بھائی 🙏,0
 کل کا جلسہ دیکھ کر مجھے حیرانگی ہو رہی ہے کہ اتنی عوام کا ٹھاٹیں مارتا ہوا سمندر کپتان نے کہاں چھپا رکھا تھا 😀😀 جلدی ج…,1
سنیئر ترین صحافی کامران خان کے ملک میں اچانک مہنگائی کی لہر ، 😃,1
شکر ہے فیصل بھائی آپ نے بھینس عمار مسعود کو کہا مجھے نہی 😂😂😂,1
 چیونٹی کو لپسٹک لگانا، ہاتھی کو گود میں بٹھانا، مچھرکو پیمپر لگانا اور اس گروپ میں جانو بنانا ... ناممکن ہے😂🤣😂🤣😂 ادب_کا_سفر,1
💞💔 یہ وحشتِ دل سن کر طبیبوں نے کہا تھا، بیزار ہے دنیا سے یہ بیمار نہیں ہے_ *•🥀✨* بزم_شاعری,0
ھاں جی 😂😂😂,0
Congrats آٹا، چینی، ٹماٹر تاریخ کی بلند ترین سطح پر 😡🖐️,0
صفدر کو قانون توڑنے پر گرفتار کرنا ظلم تھا جبکہ جمہوریت یہ ہے 👇 • عیان علی آزاد گھومےاور اسکا تفتیشی افسر قتل ہو جائے • صحافی عزیز میمن کا بلاول کے کراۓکے crowd کو بےنقاب کرنے پر قتل • پولیس کا زرداری، نوازشریف کےحکم پر قانون توڑنا • چھوٹا چور جیل میں۔ بڑا چور جلسے,1
سرلکر ڈیٹ تم لوگوں کی وجہ سے بڑھ رہا ہے😆,1
اے میری گل نہیں آ میرے پاپا دی آ اونا نے کہیا میں واڈیاں واڈیاں چھڈ ریا سی تے آ کہہ کے اونا نے چپ کروا دیتا 😂😂😂 StateAboveStateRejected,1
😆😆 کامران خان ریلیکس۔ ٹینشن مت لیں آپ کا دماغی توازن خراب ہونے کا خطرہ ہے,1
زندگی کی ساری بلندیاں رب کے آگے جھکنے سے ہی ملتی ہیں ❤,0
کھٹپُتلی نیازی سے درخواست ہے کہ حکومت رہنے کا کچھ پتہ نہیں کم آز کم ایک بار سائیکل پر دفتر جا کر یوتھیوں کو دیکھا دے منقول 😜,1
جیک کو پتہ لگ گیا ہے کہ سقراط کون ہے 😛😛😛,0
 ماشاءاللہ پی ٹی آئی والوں نے لفافہ اینکر اور صحافیوں کو کہیں کا نہیں چھوڑا 😂😂😂 لفافہ_جرنلزم_پاکستان_کا_ناسور,1
میری چھٹی 3 گھنٹے پہلے ہوئی 😁😁😁11 بجے 😀😀😀😀😀,0
ساڈے تے ویڑے وچ بوٹا انگور دا ساڈے تے ویڑے وچ بوٹا انگور دا کڑی تے دیکھو پیڑ کھجور دا جوڑی اے جچچ دی نئی وے لجیئو جوڑی اے جچچ دی نئی 😎🤣😂,0
اگر محبت اندھی ہے تو 🤔😕 کسی کو میرے سے کیوں نہیں ہو رہی۔😥,0
"@SalooDurrani 
کشمیر بنے گا پاکستان کے نعرہ باز بهارتی  دیویوں کے پجاری نکلے.
#Sarcasm 
#Hypocricy",1
کل میں نے ایک سیاسی ٹرینڈ لر عیر سیاسی تھریڈ لکھ کر اپنا تھریڈ والا کیڑا ہلکا کیا اور سیکنڈ پوزیشن حاصل کی 😂😂😂,0
محمکہ بدنام ہوا لاڈلے تیرے لیے۔ 🎶🎶🎶🎶🎶🎶🎶🎶🎶,1
مگر ہوا کیا تھا بےبی کو۔۔؟؟😳🙄🤣😂😂😂😂,0
محبت کو 💞 کسی ماضی کے لمحے سے کوئی مطلب نہیں ہوتا .. محبت ہےکا صیغہ ہے 💞 یہ تھا اور تھی نہیں ہوتی یہ ہوتی ہے ... اور _________ سدا ہونے کو ہوتی ہے💞,0
 ہمارا معصوم وزیراعظم کدھر ہے کچھ خبر ہے ؟ انہیں کسی نے بتایا بھی ہے کہ سندھ پولیس چھٹی پر جا رہی ہیں ,1
باجوه تو ظلم ھے ن ليگ کو کندی لايا سو بقول نواز شريف کے اب اس نوٹس پر کيا حق کا فيصلہ کرے گا 🔥🔥🔥🔥🔥🔥🔥🔥🔥🔥🔥,0
ھی بااااااا😂😂 تیرے نے کرنا ہوتا یاد ورنہ م کو کیا پتہ پڑوسی کے چکر کا😂😂,0
پر اے اچانک چپیڑاں مارن لگ پیندا 😂😂,0
تیرے جیسے چوتیوں اوہ میرا مطلب یوتھیوں کی بھی کیا زندگی ہے نوازشریف کا خطاب میڈیا پر چل جائے تو `` خان نے اجازت دی ہے '' نہ چلے تو `` خان نے اجازت نہیں دی '' ذہنی غلاموں کی بھی کوئ زندگی ہوتی ہے مگر یوتھیوں کی تو ۔۔۔۔۔ 🤣😂🤣😂🤣😂🤣,1
اس کو سیاسی نظر سے دیکھنا یا غیر سیاسی ... 🤔 اب کالیے کا کیا ہو گا ... .. رینجرز والے مولانا فضل الرحمن کا ... 😅,1
عورت نے تھانے فون کیا اور کہا میرا خاوند اغوا ہوگیا ہے۔ ایس ایچ او نے جواب دیا بی بی ہمارا اپنا آئی جی اغوا ہوگیا ہے.😁 غیر سیاسی کاپی,1
 دو چار دن کی دوستی ہم کو نہیں قبول نفرت کرو یا پیار کرو حشر تک کرو ... .🔥 Someone_Special,1
👈جسکے فالورز 10000 سے کم ہیں وہ خود کو مینشن کریں 👈میں اور میرے تمام فالورز انہیں فالو کرینگے ریٹویٹ🔁والوں کو سب فالو کریں گے💯 اب جلدی جلدی سے ریٹویٹ کو فالو کریں💞 Follow 👈,0
 دعاؤں میں بہتری مانگو گے تو بریک اپ تو ہونگے نہ 😂❤,1
اوہ اچھا مراد سعيد کے ماموں کا بيٹا حق نواز 🐖🐕گ ا ن ڈ و اپنے کزن چتو مراد سعيد 🐴کی مدد کو ۔۔ کھانے سعودی شيخاں دے کھيرے چڑھنا پاکستانياں پٹوارياں دے لوڑےآں تے😂😂,1
وہ شیر جو لندن بیماری کا بہانا بنا کر بھاگ گیا😂😂😂 کہا شیر ھے,1
ایک ریٹائرڈ کیپٹن کئی حاضر سروس جنرلز پر بھاری پڑ گیا ہے ,1
تیرے عشق میں ہوں بے بس اتنا🥀 جوان بیٹے پر باپ کا ہاتھ جیسے نہیں چلتا❤️,0
ڈیر خکولے ماشاءالله 🌺🍃,0
ھاھاھاھاھا مینو وئی لگدا نکے کا ابا ہی ہورہا ہے ,0
😜😜😜نانی 420 کو ملک سے مفرور ہونے دیں گئے تب پوچھنا بی بی😜😜ابھی رو مل جل کر دن رات اپنا ناچ، زات او…,1
پھر نائرہ نے اتنی کنفرمیشن کے ساتھ کیوں لکھا۔ انہیں مخبری ہوئی ہوگی تو لکھا۔ 😜,1
جی بالکل ، صرف ایمل کانسی بیچا تھا کیونکہ قیمت اچھی مل رہی تھی 😉,1
@Matiullahjan919 سر آپ لوگوں کی تنز و مزاح اپنی جگہ۔مگر لوٹوں کے بارے کچھ بھی نہیں کہتے اور نہ اب فوج ہے اس کے پیچھے۔میرے خیال سے اب سب کچھ ٹھیک ہو گیا۔,1
پنجابی ہونا آسان نہیں نہیں ڈول کی تھاپ سنتے ہیں جسم وائبریٹ موڈ پر چلا جاتا ہے 😂,0
کامران صاحب کا نشہ اور ہے شاہین کا نشہ اور ہے یہ واقعی ماموں کا بیٹا کامران ہے ,1
اج TL سارہ کیڑا کیڑا ہے 🤷‍♂️🤣,0
کامران خان آپکی دن بھریہ زمہ داری لگائی گئی اپوزیشن کی کردار کشی اوراس پربھونکناہےآپ خوشامدگری وچاپلوسی سےاورکتنی دولت کماناچاہتےہیں موٹرسائیکل سےپیجارو پراڈو تک کےسفرمیں ضمیرکی لاش سےاٹھتی بدبوآپ کی ناک بند نہیں کرتی ہے 🙏نوٹ آپ سب سےالتجاگزارش ہےہمیں بھی فالوکریں شکریہ,0
بلاول بھٹو زرداری 😹,0
جج آخری خواہش بتاو؟ مجرم کوئی غیرت مند پی ٹی آئی والا دیکھنا چاہتا ہوں🙄 جج بہت چالاک ہو ساری زندگی جینا چاہتے ھو 😂 VoteKoIzzatDo,1
 جانے آئی جی سندھ ،جانے سندھ حکومت، جانے آرمی چیف 😏 ہم کرکٹ دیکھ رہے ہیں، حکومت نیا پاکستان 🤓,1
@Shoaib_Jatt فواد عالم کو کافی موقع ملا تھا بہت سپورٹ کیا تھا سلیکٹرز نے فواد کے کیرئیر کے شروعات میں اور ہر طرح آزما کے انہیں ٹیم سے باہر کیا مگر آپ جیسے صحافی بھائیوں نے ہی ہر سیریز میں فواد کو نہ کھلانے پر تنقید کے انبار لگا دیتے تھے وہ یہ جانتے ہی نہی,0
وہ اا لیے کہ وفاق تو کہ رہی ہے کہ ہم نے یہ سب نہیں کروایا، اور صوبے والے کہ رہے ہیں ہم نے نہیں کروایا، تو پھر کیا موساد نے کروایا ہے؟ تھوڑا غور کیا کرو 😂,1
ووٹ کو عزت دو میاں نواز شریف زندا باد تو سلامت رہے میاں صاحبI love 😘💯❤️❤️❤️❤️❤️❤️,0
کچھ لوگ چند ایک میری ٹویٹس کو ایسے سیریس لے جاتے ہیں اور سڑو کمنٹس کرتے ہیں جیسے میں نے ان کو ہی کہا ہو ، مطلب مذاق کی حس ہی نہیں🙄😐😡 چول جئے 😏,1
پٹواریوں کے نجومی 😂😂😂😂,0
😂😂😂 وہ بھی ایک نمبر,0
بریکنگ نیوز 👇👇 جیو کے مطابق آئی جی تین ایڈیشنل آئی جی پیز 25 ڈی آئی جی 30 ایس ایس پیز چٹھی پر چلے گئے StateAboveStateRejected,1
مطلب ساڈے سترہ وی جان تے نوکری وی نا لبھے😀,0
"جس قوم پر گورا حکومت کرتا تھا، اسے نخوت سے کمی کمین کی حیثیت سے دیکھتا تھا، اسے بھٹو اور شریفین کی ویسی ہی ادائیں بھاتی ہیں
شہبازشریف کی تو انگلی ہلانے کا اسٹائل ہی لبھاتا تھا۔
پھر دفاتر اور گاڑیوں کی لائن!
ٹوریں، واہ
اسلئےتو بزدار پسند نہیں
عمران بھی غریب کو عزت دیتا ہے
#Sarcasm https://t.co/OdxTYJz67Z",1
 غریب کوپہلے توموقع یاجگہ نہیں ملتی، اگرمل بھی جائے تو چھاپہ پڑجاتاہے کیپٹن صفدر میڈیا سےگفتگو کےدوران جذباتی ہوگئے 😂🤣,0
پاکستانی تاریخ صرف نوازشریف کو یہ اعزاز حاصل ھوا ھے کہ ان کا بیانیہ لوئر کلاس میں بھی پاپولر ھورھا ھے۔۔۔💖🌹💖 '' وؤٹ کو عزت دو ``,1
اچھا جی 🙏,0
 بریکنگ میاں نواز شریف کوئیٹہ جلسہ سے خطاب فرمائیں گے وہ بھی بنا پرچی کے 😜😆😂🤣,1
تسی سڑو تے نہ ہن 😂😂,0
آج نیب کورٹ میں حمزہ شہباز شریف صاحب اور میاں شہباز شریف صاحب کے ساتھ اظہارے یکجہتی کرتے ہوئے شہباز شریف صاحب کو جوڈیشل کر دیا گیا ✌,1
 بزدارکی_پرواز_بلاول_بیکار 👈پاکستان تحریک انصاف کی حکومت تمام صوبوں کی یکساں ترقی پر یقین رکھتی ترقی خوشحالی ہر شہر ک…,0
وعلیکم السلام ورحمتہ اللہ وبرکاتہ الھم صل علی محمد وعلی آل محمد 🌷 صل اللہ علیہ وآلہٖ وسلم 🌷 شام بخیر,0
 اگر ہم مستقبل میں وزیراعظم بن گٸے تو سب سے پہلے چاکلیٹ کا ڈیم بناٸیں گے ۔۔۔۔ ❤ اقراء پراٸم منسٹر ۔۔🙈🙈,1
باجوے اور فیض حمید کو 440 وولٹ کا جھٹکا 👍💪💪,1
فلم DON میں شاہ رُخ خان کے پیچھے 11 مُلکوں کی پولیس پڑی تھی جبکہ پاکستان میں عمران خان کے پیچھے 11 پارٹیوں کے شیطان پڑے ہیں,1
چوہدریوں کی بھی اقسام ہوتے؛اگرکوئی سمجھتاہےکہ جاری ادایئگیوں کےتوازن تجارت کاخسارہ اورجہازی حجم کاغیرملکی جیسےمسائل چائےکی پیالیوں بسکٹ کی بچت سےدرست کئےجاسکتےہیں توایک مقامی ضرب المثل کےمطابق مردےکی مونچھیں مونڈے سےجنازےکابوجھ کم نہیں ہوتا 🙏نوٹ آپ سےگزارش ہمیں بھی فالوکریں,0
انشااللہ 😍,0
ماشااللہ ♥️ اللہ تعالی آپ کو اسی طرح خوش رکھے۔ آمین۔,0
 تم سے سودا ہوا تھا لمحوں کا تم نے تو صدیاں اداس کر ڈالیں 😥💔 فروغ_سخن سرمایہ_زیست,0
 بلاول کو درجن والی چیز کلو اور کلو والی چیز کو درجن میں بتانے کا کیڑا ہے 😂,1
اس کی چیخوں سے لگتا ہے کہ اس کو پتا چل گیا 😷 یہ گالیاں بھی اسی لیے بک رہا، پاکستان کے عوام بھی سادہ لوح ہیں، کچھ الیکشن کمیشن نے بڑ مچائی، ایسے لوگ غرور میں مبتلا ہو جاتے، کہ بہت دانشور اور سپریم انسان ہیں 🙄 اللہ تعالٰی کی قدرت کی لاٹھی بے آواز ہوتی ہے اور پکڑ بھی بےڈبھ 🙏🇵🇰,1
اؤ ویلکم بیک 😍 جی آیاں نوں 😍 مبارکاں 😍 👻👻 ❤,0
کوئی کام نہیں سچی 😂🤣🤣🤣,1
اسے خان رہ رہ کر یاد آتا ہے۔ خاتون اول بننے کا خواب شرمندہ تعبیر نہ ہوسکا۔ یہ چیز اسے اندر سے کھاۓ جا رہی ہے۔ اب اسے چاہئیے کہ فضل الرحمن سے شادی کرلے۔ 😄😄😄😄😄😄😄😄😄😄😄😄,1
دل ٹوٹ گیا 😳,0
سندھ پولیس شائد مہنگائی کی وجہ سے ہی چھٹی پر چلی گئی ھے۔ دفتر آنے جانے کا خرچہ بچاکر گزارہ ہو جاے گا۔ 🙏😃,1
اگر کیپٹن صفدر کے نعروں سے قائد اعظم اٹھ جاتے اور ہم سےپوچھتے '' بتاو کہاں ہے نیا پاکستان تو ہم کیا جواب دیتے '' علی زیدی بیان ریکارڈ کراتے ہوے رو پڑ ے 😭😭😭😭,1
پٹواریوں جیالوں فسادیوں کی مادرِکرپشن سب مچھلیاں کھا گئ اسی تو انکے بچے سانڈ خنزیر گینڈے جیسے ہیں😎,1
آؤٹ آف کنٹری ... موم میں نے آج کالج سے چھٹی کرنی ہے تو انکی ممی کہتی ہے کہ اوکے بےبی کر لو.. 😎😎 پاکستانی امی کیوں تیرے پیو دا ولیمہ اے😂😂,1
میں نےنواز شریف سے پوچھا جب قادری اور نیازی کے بلوائی آپ کے گیٹ تک پہنچے تو آپ کو کیا لگ رہا تھا؟ تو نواز شریف نے کہا میں نے بچے اپنے لاہور بھج دیے تھے اور میں پرائم منسٹر ہاوس میں تنہا بیٹھا ﺍُﻥ کا انتظار کررہا تھا یہ ہے ہمارا شیر❤️,1
وعلیکم السلام بہت خوب کہا اللہ ہمیں توفیق دے خوبصورت پھولوں جیسی خوبصورت زندگی ہمارا مقدر ہو آمین 🌸🦋🌴🌸🦋🌴,0
👌👌👌 پڑوسی کو سوچنے سے فرصت ملی تو سوچیں گے آخری لاہن درست کرو پڑوسن 😂😝,1
ہر کتے بلے کے گرفتار ہونے پر نانی نے اپنی ڈی پی بدلی ہے لیکن ڈرائیور کے گرفتار ہونے پر ڈی پی نہیں بدلی 😜 ڈرائیور کو عزت دو,1
ڈوبے تو اصّل میں لفافے اور خونی لبرل ہیں ۔ جو روز جھوٹ بولتے ہیں اور روز ذلیل ہو کر سوتے ہیں ۔ لگتا ہے ان کو ذلیل ہونے کی عادت سی ہو گئی ہے 😂,0
یہ تبدیلی نہیں تو اور کیا ہے 1970 سے 70پارٹیاں کام کررہی تھی لیکن اب صرف 2 ہی رہ گئ ایک پی ٹی آئی اور پی ڈی ایم مطلب پاکستان ڈنگر موؤمنٹ 😂😂😂,1
😂😂😂😂 یعنی اگر انسان کے بچے بن کر ڈی ایم رہیں تو پھر بلاک بھی نہ ہوں,1
ڈی سی صاحب ویسے آپکا بھی کبھی اتنی `` اوکھی '' مائی سے واسطہ نہیں پڑا ہوگا 😁,1
کیپٹن صفدر کی گرفتاری نے ثابت کر دیا کہ غریب آدمی کو پہلے تو موقع نہیں ملتا، موقع مل جائے تو جگہ نہیں ملتی اور اگر موقع اور جگہ دونوں مل جائیں تو چھاپہ پڑ جاتا ہے۔ 😂😜🤣😝 WhatsApp,1
_غلطیاں بھی ہونگی غلط بھی سمجھا جائے گا💯 یہ زندگی ہے صاحب..🌎 '' -_تعریفیں بھی ہونگی اور ذلیل بھی کیا جائے گا,1
اگر جماعتیں کم پڑ گئیں ہوں تو پڑوس سے کانگرس اور بی جے پی کو بھی بلوا لیں,1
آرہا ہے پاکستان جلد ہی تم۔بھی دیکھ لینا😂 نواز_غدار_ہے,1
ادھر بھی ویسا ہی ہے 😂,0
پرویز خٹک جب ہوا لگنے نہیں دیتے تھے تو ہم ان کی مجبوری سمجھتے تھے مگر اب تو دھوپ بھی لگنے نہیں دے رہے ہیں..😀😁,1
 کوشش آخری سانـس تک کرنی چاہیے منزل ملے یا تجربـہ چیزیں دونوں نایاب ہیں ,0
"شلوار قمیض اس لئیے
بھی قومی لباس ہے
کہ اس میں جھولی اٹھاکر 
بددعا دینے کا آپشن موجود ہے۔😁😁
#مزاح",1
فیر تے جو منگے دینا بندا 😜🥴😂😂,0
تو فرشتہ ہے تو تقدس تجھے مبارک ہو ... .🙏🏻 ہم انسان ہیں تو عیب بھی رکھتے ہیں.. ✨🖤,0
جس سے سچا پیار ہو اس کا بوسہ ہی کافی ہوتا ❤,0
اسکا مطلب تم عائشہ میر والے اکاؤنٹ سے آجکل مخالفت کررہی ہو مریم باجی کی۔ عجیب منافقت کا کھیل رچا رکھا ہے کدو نے😂😆,1
کل تک جو سوموٹو ایکشن کا اختیار عدلیہ کے پاس تھا آج وہ اختیار آرمی چیف کو حاصل ہوگیا سب مل کر بولو سبحان الله خود ہی ننگے ہو رہے ہیں غیر سیاسی لوگ ,1
 شادی ٹائم پر کرلینی چاہیے..تاکہ مہندی ہاتھ پر ہی لگے نا کہ بالوں پہ..😝😝,0
*اب `` چھوڑ `` دیا `` عشق `` کا `` سکول `` میں `` نے🤫* 💔 *مجھ `` سے `` اب `` محبت `` كى `` فیس `` ادا `` نہیں `` ہوتی😥,0
جی بالکل صحیح سُنا ہے جب یہ `` بریگیدڑ '' رینجرز کے بوٹ کے نیچے آیا تو آدھا گھنٹہ تو اسے ڈھونڈتے رہے کہ کہاں گیاوہ تو بعد میں دیکھا تو معلوم ہوا کہ یہ تو بوٹ سے ہی چِپکا ہوا تھا ... ... ... 🤣🤣🤣🤣🤣😜😜😜😜,0
رنگ سے گوری نه تھی ؟ لیکن خوبصورت تھي ؟ بہت اعلی نه تھی ؟ لیکن میرےلیےقابل تھی ؟ محبت دینے والی نه صحیح میرےقدموں سےقدم ملاتی تھی ؟ مسجدآنےسےانکارکرتی تھی ؟ لیکن مسجدکےباھرمیرا انتظارکرتی تھی ؟ وه؟؟ جیسی بھی تھی ؟ میری چپل تھی ؟ پته نہیں کون لے گیا اٹھا کے,0
یہ تو حرامی فسادی ہے آپ تو سمجھدار ہیں نعمان بھائی ٹویٹ ڈیلیٹ کردیں اچھا نہی لگ رہا حدیث مبارکہ سمجھیں ساتھ ہے پلیز,1
آج حامد میر صاحب بہت دکھی ہیں میرا بھی دل اداس ہوگیا 😥❤💔😥 ہاں ایک گزارش بھی ہے کہ آپ ان کے ٹویٹس باتوں پر ضرور تنقید کریں لیکن گالی دینا بالکل غیر مناسب اور چھوٹے ذہن کی علامت ہے جس سے.آپ اپنا سب کچھ ظاہر کر دیتے ہیں,0
مجھے ایک بات ابھی تک سمجھ نہیں آئی کہ IG پولیس کے سربراہ ہے اس کے پاس اپنی اچھی خاصی تعداد میں سیکورٹی فورسز ہوتی ہے، گھر میں گارڈز ہوتے ہیں پولیس وائرلیس نیٹ ورک ہوتا ہے اور اس کو دو بندے بوری میں بند کر کے اغوا کر لیتے ہیں 😷 اگر یہ سچ ہے تو اس کو فارغ کر دینا چاہیے,1
"جنت کے دروازے پر داخلے سے قبل جہنم واصل کیئے شخص کے ساتھ سیلفی دکھانا لازمی قرار۔
(منجانب: زمین پر خدائی فوجدار)
#Sarcasm
#Sialkot
#blasphemy https://t.co/zgHJ8UTV8o",1
انکل تھوڑا سا صبر کر لیں، زرداری نے آپ سب کی امیدوں کی ہنڈیا بیچ چوراہے میں نا پھوڑی تو پھر کہنا 😅,1
 مولانا نے ہمیشہ جمہوریت کی بات ہے مجال ہے کبھی آخرت کی بات بھی کی ہو..😅 غیر سیاسی کمنٹ Copied,1
تمہارے حسن کے جلوے مجھے بھی دیکھنے ہیں مجھے بھی جان سے جانے کی کوئی دھمکی دو 😉 محفل_سخن,0
ہاں ہان پہچانا چلو چپ کرکہ سائیڈ پہ بیٹھ جاو😈,0
😁😁 عابد کھوتا اب لندن میں بھی زلیل ہورہا ہے,1
کچھ بھی ہو جائے اس قوم کی حس مزاح کی داد دینی پڑے گی 😂🤦‍♂️ https://t.co/FXYOTQbHsf,1
 ہماری چند تصویریں کہیں محفوظ کر لینا مستقبل میں سوال اٹھے گا آخر وہ تھا کیسا ... .💕💕 م…,0
بڑی شدومد نال یاد کیتا جا ریا اے سر ۔۔۔ کی بورڈ ای سی نا 😂😂😜,1
"حکومت کی تعریف ARY۔سماء اور بول پر دیکھیں
حکومت کی ترقی PTV پر دیکھیں
حکومت پر تنقید دیکھنی ہو تو 24نیوز دیکھیں
اور حقیقی ترقی دیکھنی ہو تو TVبند کریں اور گھر سےباہر نکلیں
مزدور کےگھر کےحالات دیکھیں 
بازار میں چیزوں کےریٹ دیکھیں 
پڑھےلکھےبیروزگار دیکھیں 
ٹرانسپورٹ کےکراۓ دیکھیں",0
 بلاول بھٹو کی پریس کانفرنس سرخ سلام جئے بھٹوز ❤️❤️💪🤲✌️❤️❤️,1
سندھ پولیس کے افسران کی چھٹی کی درخواست نے کہی بدمعاشوں کو چھٹی کادودھ یادکرادیا۔۔۔۔۔۔۔بھلا ھووی تھانیدارا😀,1
پچھلے تین گھنٹے سے جو تیری حالت ہے ۔ دلچسپ ہے 😜😜😜,1
پٹواریوں_کی_مادرملت جیداں آمب نوں سوکڑا پیا ہوندا اے😂,1
سارے کیڑے پہ ٹرینڈ کر رہے جوکر کو ادھر بھی ٹھرک کا کیڑا کاٹ رہا😂😂🚶🚶,1
نواز شریف کی نظر میں گیراج سے مانسہرہ بھاگنے والے صفدر اور مریم نواز کو بھاگنے والا کہتے ہیں۔۔ اور پٹواری کھوتیوں کی نظر میں لندن بھاگ کر گیڈر بھپکیاں دینے والے کو شیر کہتے ہیں ن لیگی نواز شریف کے بھاگنے کو سیاست کہتے ہیں مطلب چینج آف اسٹریٹجی 😂😀😂😂😂,1
شیر 😆😆😆😆😆😆 او پائی “ بُلّی ” کتا بول، یا “ سور ” بول ، شیر بیچارہ اتنا بے عزت بیوی سے نہیں ہوا ہو گا جتنا تم لوگوں نے کر دیا ہے۔,1
 ہم دو چار دن مصروف کیا ہوئے، صحافیوں نے اپنے آپ کو پڑھا لکھا سمجھنا شروع کر دیا ۔۔ 🤪🤪😎😎😅😅,1
@ameerabbas84 کمال کی جہالت ہے اور افسوس ہے آپ کی صحافت پر آپ سے زیادہ تحقیق تو تحریکِ انصاف کا ایک ادنیٰ سا کارکن کر لیتا ہے لیکن آپ کو عادت ہے اپنے لفافے حلال کرنے کی خیر یہ کوئی نئی بات نہیں کہ صحافت کی آڑ میں آپ اپنے آقاوں کی جی حضوری کرتے ہوئے نہ نظر,1
سنا تھا 1 اکیلا ہوتا ہے اور ساتھ 1 ہو تو 11 گیارہ بن جاتا ہے ۔ مگر تاریخ میں پہلی دفعہ 11 کو 1 نے برباد کردیا۔ واہ خان💪💪💪💪,1
پوری قوم کا ایک ہی نعرہ میاں نواز شریف ہے ہمارا 🐅🐅🐅🐅,1
آرمی چیف پر الزامات لگانے کے بعد بلاؤل نے آرمی چیف سے تحقیقات کروانے کی درخواست کی 😂 اے پیا جے انقلاب ISPR,1
خان سانپ سب سے اوپر۔۔😂😂😂,1
اور نازک مزاجی میں سانس لیتی ہو تو بند بھی کر کے دیکھ لیا کرو۔۔۔۔شوخی😂,1
یہ ن لیگ کا سقراط ہر رات کو عمران کی حکومت برطرف کر کے سوتا ہے 😁😁😁😁😁,1
خوشخبری ❤️ اپنی اپنی سیٹ بیلٹ باندھ لیں ہم انشاءاللہ بہت جلد پرانے پاکستان میں داخل ہونے والے ہیں 😍,1
ٹویٹر میرا سیریس اکاؤنٹ ہے 😐 فنی اکاؤنٹ تو میرا بینک اکاؤنٹ ہے جس میں ایک آنہ وی نہیں 😃😂😂😝,1
مریم صفدر کو degrade کرنے کی کوشش، اسکی اتنی ہمت سالے کو یہ نہیں پتہ تھا کہ وہ تو پہلے ہی بہت ہو چکی ہے مزید کیا کرے گا 😀,1
تو پھر دوسروں کے لیڈران سے بھی ڈگریاں مت مانگا کریں شکریہ 😆,1
قصور سارا فوج کا ہے نہ فوج ہوتی نہ نواز شریف 3 بار اس ملک کا وزراعظم بنتا قصور سارا فوج کا ہے نہ فوج ہوتی نہ صفدر کیپٹن ہوتا نہ گیراج ہوتا نہ فوج سے بغض ہوتا قصور سارا فوج کا ہے 😀🙏,1
پولیس کسی اور ریٹائر فوجی کو تو گرفتار نہیں کر سکی کبھی لیکن کیپٹن ریٹائرڈ صفدر کو پولیس ایسے گرفتار کرتی ہے دروازہ توڑ کر جیسے وہ دشمن کا فوجی ہو بیچارے کا گناہ بس اتنا ہے کہ نواز شریف کا دماد ہے,1
خان پوری کوشش میں ہے قبرستان کی سمت لے جانے کی 😷,1
آج کل کےبچےجو فرمائش کرتےہیں فوراً پوری ہوجاتی ہیں ایک ہمارا بچپن تھا 5روپےکیلئےایک گھنٹے تک زمین پر ناگن ڈانس کرناپڑتا تھا😀😂😂,1
اس میں شک نہیں کہ بنگلہ دیش کی طرح افغانستان میں بھی پاکستان سے محبت کرنے والے کثیر تعداد میں موجود ہیں اور اس وقت وہاں کے حالات کی وجہ سے لوگ پاکستان کا رخ کرنا چاہتے ہیں پیسہ کمانے کے واسطے جیسے ہمارے پاکستانی عرب ممالک جاتے ہیں۔ بہرحال بہت گھمبیر صورتحال اور نازک معاملہ ہے😔,1
مصطفی نواز کھوکھر نے بہت ہی بہترین طریقے سے کامران شاہد کو آئینہ دکھایا پلانٹڈ پروگرام کا تو کامران شاہد نے کئی بار میوٹ کر دیا مُصطُفی نواز کھوکھر کی بات کو.👏🏻👏🏻 اور پیلا صحافی سوال یہ کر رہا تھا کہ نام بتائیں 2 آدمی کون تھے سندھ حکومت جب نام بتائے تو میوٹ ۔۔😂😂,1
الحمدللہ حفیظ سینٹر میں لگنے والی آگ تو بجھ گئی ہے۔ لیکن جو اقتدار حاصل کرنے کی آگ آپ کو لگی ہوئی ہے وہ بھی جلد بجھا دی جائے گی ,1
"واہ صاب

حکومت کی جعلی تبدیلی پر
کیا زبردست #طنز مارا ہے

اسی لیے کہتے ہیں
نقل کیلۓ عقل درکار

#سرقہ_ٹویٹ کا شاخسانہ
#سوچئے 

🤣🤣🤣 https://t.co/EPMZeuY061",1
لنگر خانے کے دورے کے دوران ایک مستحق نے وزیر اعظم سے کہا '' مولا خوش رکھے، آپ کی حکومت سے پہلے ہم کما کر کھایا کرتے تھے۔ '' 😂,1
 جس وقت ہم نے کیپٹن صفدر کو گرفتار کیا😉 وہ کندھے پر رومال رکھے پیسے گن رہا تھا، پولیس زرائع,1
ارشد شریف `` پاور پلے '' نے سردار لطیف کھوسہ اور محسن شاہنواز رانجھا کے پرخچے اُڑا دیے 🙏🙏😜😜😂😂😂😂 سہی کہتے ہیں جھوٹ کے پیر نہیں ہوتے,1
 کیسی عورت ہے یہ مریم صفدر ۔ ایک دن کے لیے کراچی گئی ہے اور پورا صوبہ آپس میں لڑوا دیا ہے۔😂,1
مریم نے چپ رہ کر بہت کوشش کی کہ چھوٹ مل جائے شاید لیکن معافی دینے والے اس دفعہ معافی دینے کے موڈ میں نہیں پھر مریم نے یہ رستہ اپنایا جو ابھی کر رہی ہے اور اداروں کے خلاف گند اچھال رہی ہے لیکن اس سے انکے جوتے کو بھی فرق پڑنے والا نہیں 📢 فوج_ہے_تو_پاکستان_ہے,1
واقعی۔۔😂😂😂 بےبی نے باؤجی کو نکال کے پوری قوم کے دل میں گھر کر لیا۔۔بس اب پیسہ واپس دلوانے کی باری ہے۔😉😂🤣😂😂😂,1
بلاول سائیں ہاتھ کر گئے ہو مریم بی بی سے۔😎 چلو اچھا ہی ہوا وہ بھی اکتائی ہوئی تھی۔,1
شکریہ کی کیا بات۔۔۔یہ بتائیں کاپی کہاں سے کیا؟؟ 😜😜😜🤣🤣,1
"@Dr_AyeshaNavid بہن!
آپ کا دکھ بھرا پیغام پڑھ کے میرے آنسو نکل آۓ ہیں
کس قدر غم ہے!

#sarcasm",1
 اگر اپوزیشن نے دھرنا دیا تو نقصان صرف حکومت کا ہوگا معیشت کا تو کپتان نے پہلے ہی بیڑا غرق کیا ہواہے😂😂😂,1
ھاھاھاھا تسی بڑے تجربہ کار ہو 😆,1
 ہم تقریبا سات لاکھ جوانوں کو *فوج* کہتے ہیں لیکن کچھ کُتی کے بچے صرف ایک جرنیل کو ہی پوری *فوج* سمجھتے ہیں😂😂,1
کیسے چوتیے ہیں یہ جس کے خلاف جلسوں میں بھونکتے ہیں اسی سے تحقیقات کا مطالبہ بھی کرتے ہیں۔۔😂😂,1