input,label
آصف زرداری کی عدالتی فیصلے کے بعد وزیراعلیٰ سندھ کو ایم کیوایم سے مذاکرات کی ہدایت,3
2014 میں افغانستان آج سے زیادہ محفوظ اور مضبوط ہوگا، حامد کرزئی,7
درجہ حرارت میں تبدیلی سے بجلی بنانے والا آلہ تیار,4
لیاری میں نجی اسکول کے مالک کے گھر پر دستی بم حملہ، بچی سمیت 7 افراد زخمی,3
شدید گرمی میں طویل لوڈشیڈنگ، 21 افراد ہلاک، ملک بھر میں مظاہرے ,3
آئرلینڈ میں کبھی نہ ڈوبنے والی کشتی تیار,4
فیصل صالح حیات پاکستان فٹبال فیڈریشن کے صدر کے عہدے پر بحال,5
پاکستان ریلوے کا عید پر 23 خصوصی ٹرینیں چلانے کا فیصلہ,0
سکندرکی گرفتاری ظاہرنہ کرنے کے باعث تفتیش شروع نہ ہوسکی ,3
ملک میں سالانہ 20 ارب روپے کی گیس ضائع,0
سابق امریکی صدر بارک اوباما کو نئی نوکری مل گئی,7
اسکول روزسیزن گرامرکی رجسٹریشن معطل کرنے کافیصلہ، مقتولہ نیہا سپردخاک,3
ہمسایہ ممالک سےعزت اوروقار کے ساتھ دوستانہ تعلقات چاہتے ہیں، سربراہ پاک فوج,3
وزیراعظم نواز شریف آج قوم سے خطاب کریں گے,3
پاکستانی قوم اور افواج نے دہشتگردی کیخلاف جنگ میں بھاری قیمت ادا کی ، سربراہ پاک فوج,3
پیپلز پارٹی نے پیٹرول بحران پر قومی اسمبلی میں تحریک التوا جمع کرادی,3
وزیراعظم کو اب اخلاقی بنیادوں پر مستعفی ہوجانا چاہیے، فاروق ستار,3
کیون پیٹرسن نے ایک بار پھر پاکستان آنے سے انکار کردیا,5
کاشغر تا گوادر ریل پروجیکٹ پر کام شروع، کراچی سرکلر ریلوے منصوبے کا فائل ورک مکمل,3
امریکا میں عالم دین کو شدت پسندی کے فروغ اور دہشتگردوں کی مدد کے الزام میں عمر قید,7
6 کمپنیوں،8 بینکوں کے فارنسک آڈٹ کیلیے اشتہار شائع کرانیکی ہدایت,0
متحد ہوکر مشکل حالات پر قابو پالیں گے، نوازشریف,3
الیکشن کمیشن سرکاری اہلکاروں کے تبادلے اور تقرریوں کا نوٹس لے، آفتاب شیرپاؤ,3
پاکستان نے سری لنکا کو 9 سال بعد ٹیسٹ سیریز میں شکست دے دی,5
الطاف حسین پرعمران خان کا الزام افسوسناک ہے، رابطہ کمیٹی,3
ویمنز ورلڈ کپ؛ سری لنکا سے شکست کے بعد بھارت سپرسکس مرحلے سے باہر,5
دنیا بھر میں آج ’ارتھ ڈے‘ منایا جا رہا ہے,7
وفاق سندھ حکومت کے معاملات میں دخل اندازی بند کرے، شرجیل میمن,3
انسٹا گرام نے متحرک تصاویرکا آپشن دوبارہ بحال کردیا,4
پریانکا کو دوسری ہالی وڈ فلم میں کام کی پیشکش,1
لاہور: 90 ڈاکٹرزکو نوکریوں سے برطرف کردیا گیا،محکمہ صحت,3
کالعدم تنظیم کے منجمداکاؤنٹ سے رقم نکلوانے پر 4 افرادگرفتار,3
این آر او پر یقین نہیں رکھتے، احسن اقبال,3
امریکا میں طوفان، کاروبار بند، طلب کرنے پر خام تیل کی عالمی قیمتوں میں کمی ,0
پاک فوج کا زمین سے زمین تک مار کرنے والے حتف 9 نصر میزائل کا کامیاب تجربہ,3
کراچی حصص مارکیٹ میں بلندیوں کا سفر جاری، 31600 پوائنٹس کی حد بھی عبور ,0
پاکستان اسٹیل: فولاد خریداری میں2.25 ارب کا اضافی خرچ ,0
لاہور ہائی کورٹ میں وزیراعظم نواز شریف کی نااہلی کے لئے انٹرا کورٹ اپیل دائر,3
را، موساد اور امریکی سی آئی اے نادرا ڈیٹا تک پہنچ سکتی ہیں، حساس ادارہ,3
اسرائیل اور فلسطین کے درمیان کشیدگی کی اصل ذمہ دار حماس ہے، جان کیری,7
 کراچی کے کئی حلقوں میں پولنگ  تاخیرسے شروع، الیکشن کمیشن کا نوٹس  ,3
مریخ کی ابتدائی سیاہ سطح گریفائٹ سے بنی تھی، سائنسدان,4
عمران خان کو دن رات جھوٹ بولنے کے علاوہ کوئی کام نہیں، شہباز شریف,3
یکم جنوری سے پیٹرولیم مصنوعات کی قیمتوں میں 4 روپے فی لیٹرتک کمی کاامکان,0
کیویزبورڈ نے ورلڈ کپ فائنل کھیلنے والی ٹیم پراعزازات کی بارش کردی,5
سلمان کی فلم ’’ٹیوب لائٹ‘‘ دوسرے دن بھی کمال نہ دکھاسکی,1
مستقبل میں پیپلز پارٹی کو صدارتی انتخاب کے بائیکاٹ کی غلطی کااحساس ہوگا، وزیراعظم,3
سیاسی بحران سے غیر ملکی کمپنیوں کے اعتماد میں نمایاں کمی   ,0
زرمبادلہ ذخائر 26.49 کروڑ کمی سے 13.2 ارب ڈالر رہ گئے  ,0
ڈرون حملے سے طالبان کے ساتھ مذاکرات کو ہلاک نہیں ہونے دیں گے، وفاقی وزیر اطلاعات,3
سپریم کورٹ کی عمارت غیرقانونی ہے تو اسے بھی گرا دیا جائے، چیف جسٹس,3
بنگلادیش میں ٹوئٹر اور اسکائپ سمیت دیگر سماجی ویب سائٹس پرعائد پابندی ہٹادی گئی,7
جاپان میں فلیٹ سے 8 خواتین سمیت 9 افراد کی سرکٹی لاشیں برآمد,7
ایکسپریس میڈیا گروپ کے زیراہتمام عالمی اردو کانفرنس آج سے شروع ہوگی ,3
محکمہ تعلیم سندھ میں 13 ہزار بھرتیاں جائز قرار، پیر مظہر کیخلاف نیب تحقیقات ختم,3
فلم کی ڈیمانڈ، پریانکا چوپڑہ کا با کسنگ سیکھنے کا فیصلہ,1
پاکستان اور افغانستان کی افواج کا دہشت گردوں کیخلاف مشترکہ آپریشن پر اتفاق,3
حالات سے گھبرانے والا نہیں اور نہ ہی کبھی آئین پر آنچ آنے دوں گا، وزیر اعظم ,3
مسئلہ کشمیر پر اپنے مؤقف سے پیچھے نہیں ہٹے، سرتاج عزیز ,3
رنبیر کی ’’ بے شرم ‘‘ باکس آفس پر دھوم مچانے میں ناکام ,1
ایان علی کی گرفتاری کے بعد معروف اداکارائیں اور ماڈلز پریشان,1
شوگرملزکے مسائل کیلیے صوبائی سطح پر کمیٹیاں بنانے کااعلان,0
چینی کمیاب نہیں گنا مہنگا ہونے سے قیمت بڑھی، شوگرملز,0
کراچی سمیت ملک کے بڑے شہروں میں امن بحال کردیا، وزیراعظم,3
ماسکو میں ٹرانسپورٹ نمائش کے دوران مستقبل کی ٹرین پیش کردی گئی,6
ون ڈے سیریز میں عماد وسیم کمزور کڑی، بابر اعظم کا بیٹ سرگرم,5
پاکستان پر دباؤ سے کچھ حاصل نہیں ہوا، امریکی محکمہ خارجہ نے ناکامی کا اعتراف کر لیا,7
2013 سے اب تک سائبر کرائم  کے ذریعے ایک ارب ڈالر سے زائد رقم چرائی گئی، رپورٹ,7
پشاورمیں گھریلو تنازع پر میاں بیوی قتل,3
وائٹ اسپرٹ کے نام پر مٹی کے تیل کی اسمگلنگ بے نقاب,0
فوک موسیقی دنیا بھر میں پسند کی جاتی ہے، عابدہ پروین,1
فیشن انڈسٹری میں ہمارا کسی سے کوئی مقابلہ نہیں، عمائمہ ملک,1
اسلام آباد: لینڈنگ کے دوران نجی ایئرلائن کے طیارے میں خرابی، رن وے کئی گھنٹوں کیلئے بند,3
لاکھوں کروڑوں سیاروں میں زمین سب سے انوکھی اور نایاب ہے، سائنسدان,4
ڈیوڈ ویلی کا کندھا بڑی چوٹ سے بچ گیا، ٹی 20 سیریز کا حصہ بنیں گے,5
حج کوٹا دلوانے کیلیے ایجنٹ سرگرم،لاکھوںبٹورنے لگے,3
اللہ کےعلاوہ کسی سے نہیں ڈرتا، ملک کیلئے واپس آیا ہوں اور اب یہیں رہوں گا، پرویز مشرف,3
معاصر دُنیا، ادیب اور قیامِ امن,7
الیکشن کمیشن کا صدرکی منظوری کے بغیرہی ترمیم شدہ کاغذات نامزدگی چھاپنے کا فیصلہ,3
شردھا کپور کا زخمی ٹانگ کے ساتھ رقص، پروفیشنل اداکارہ ہونے کا ثبوت دیدیا ,1
نوازشریف اپنی ذات کے لئے ملکی سلامتی داؤ پر لگا رہے ہیں، آصف زرداری,3
لانگ مارچ الیکشن سبوتاژ کرنیکا خفیہ ایجنڈہ ہے، احسن اقبال,3
حکومت ٹیکس ایمنسٹی اسکیم لانا چاہتی ہے توپہلے شریف خاندان اپنے اثاثے پاکستان لائیں، عمران خان,3
ملک میں مارشل لا لگا تو پارلیمنٹ میں میرے سوا سارے لوگ فوج کے پیچھے ہوں گے، جمشید دستی,3
بلوچستان میں بلدیاتی انتخابات کے لئے پولنگ مکمل، نتائج کی آمد کا سلسلہ جاری,3
راولپنڈی میں پولیس حراست میں ہلاک نوجوان کے ورثا کا تھانے پر دھاوا، اہلکار فرار,3
پی آئی اے کے بوئنگ سے پرندہ ٹکراگیا،ایک انجن کوشدید نقصان,3
کمار سنگا کارا نے نیا ریکارڈ اپنے نام کرلیا,5
ہنسی کو ورزش کا حصہ بنائیے اور بڑھاپے میں صحت کو بہتر رکھیے,2
پاناما لیکس کی تاریخ، کہانی کہاں سے شروع ہوئی؟,7
سہراب گوٹھ میں رینجرز کا سرچ آپریشن، 3 دہشت گردوں سمیت ایک درجن سے زائد مشتبہ افراد گرفتار,3
داستاں در داستاں رسوائی ہے,7
آئی ایس آئی اور افغان خفیہ ایجنسی کے درمیان دہشت گردی کے خلاف تعاون کا معاہدہ,3
برمودا تکون کی پراسراریت کی بنیادی وجہ,3
پرتشدد ویڈیوز اور نازیبا کمنٹس روکنے کیلیے یوٹیوب کا اہم اقدام,4
موہالی میں میچ: بھارت کو پاکستانی درخواست ماننے میں مشکلات ,5
نیب کا کراچی ڈویلپمنٹ اتھارٹی کے دفتر پر چھاپہ،ریکارڈ ضبط,3
سوئس کیس: وزیراعظم کو 8اگست کی نئی ڈیڈلائن۔ سپریم کورٹ,3
2017ء کے جولائی/ اگست / ستمبر  میں تاریخ بن جانے والے اہم ملکی اور عالمی واقعات,7
عراق کے 4شہروں میں بم دھماکے، 19ہلاک، 64زخمی,7
عدالتی فیصلے کے بعد کسی بحث کی گنجائش نہیں،خرم دستگیر,3
شاہد آفریدی نے انٹرنیشنل کرکٹ چھوڑنے کا اشارہ دے دیا,5
سعودی عرب میں فائرنگ سے 5 افراد ہلاک، 14 زخمی,7
بھارت کا 5 پاکستانی سفارتکاروں کو میچ دیکھنے کیلیے کولکتہ جانے کی اجازت دینے سے انکار,3
سندھ بھر میں ’’را‘‘ موجود ہے جو دہشت گردی کی کارروائیاں کررہی ہے، صوبائی وزیرداخلہ,3
امریکا کا ایران پر لگائی گئی پابندیوں میں  توسیع کا اعلان ,7
موبائل بینکاری سے مالی شمولیت میں بڑی تبدیلی ممکن ہے    ,0
سیاسی جرگے نے مسئلے کے حل کیلئے بامقصد مذاکرات کیے جو سود مند نہیں ہوسکے، سراج الحق,3
میں نواز شریف اور وہ میری بقا ہیں، ناکامیوں کا ذمے دار خود ہوں، زرداری ,3
بھارت نے ویزہ دیا ہے تحفظ بھی اس کی ذمے داری ہے ،جاوید شیخ,1
قائداعظم ٹرافی، شعیب نے کراچی کے 5 پلیئرز کو ٹھکانے لگادیا    ,5
انڈونیشیا میں ہم جنس پرستی کے الزام میں 58 افراد گرفتار,7
وزیراعظم کی زیر صدارت اہم اجلاس، نیشنل ایکشن پلان پر عملدرآمد تیز کرنے کی ہدایت,3
پرائیویٹ آپریٹرز نے آفر لیٹر کے بغیر ہی حج بکنگ شروع کر دی,3
سحر اورافطارمیں لوڈشیڈنگ تکنیکی وجوہات کی وجہ سے ہورہی ہے، وفاقی وزیر پانی وبجلی,3
سمجھوتہ ایکسپریس کا انجن فیل ، 2 گھنٹے تاخیر سے روانہ,3
وفاقی حکومت کا سندھ پولیس کی 2 واٹر کینن واپس کرنے سے انکار,3
چین میں دھماکا خیز مواد پھٹنے سے 7 افراد ہلاک,7
چیمپئنز ٹرافی کی آخری جنگ کا بگل بج گیا,5
بنگلا دیش میں ایک اور سیکولر پروفیسر قتل,7
پریانکا چوپڑا نے چڑیل کا روپ دھار لیا,1
پاکستان نے بھارت میں خوف پھیلانے کے الزامات کی تردید کردی,7
حساس اداروں کواپنی کارکردگی کاجائزہ لینا ہوگا، رحمن ملک,3
قومی اسمبلی کااجلاس آج شروع ہوگا، ہنگامہ خیزہونے کا امکان ,3
پنجاب میں موٹروے بند ہونے سے یومیہ کروڑوں روپے کا نقصان,3
پٹھان کوٹ ائر بیس پہ پُراسرارحملہ,7
بوبی دیول نے 200 سے زائد فلموں میں اداکاری کا مظاہرہ کیا,1
ترقیاتی منصوبوں کے ثمرات نظر آرہے ہیں، اگلی حکومت پی پی پی کی ہوگی، صدر زرداری,3
مصر میں پولیس اہلکار نے تیسری منزل سے گرنے والے بچے کو ’کیچ‘ کرلیا,6
شارجہ ٹی 20، پاکستان نے سنسنی خیز مقابلے کے بعد افغانستان کو6 وکٹوں سے شکست دے دی,5
تحریک انصاف کا پارلیمنٹ کا بائیکاٹ ختم کرنے کا اعلان,3
مشتاق بولرز کیلیے ’ سوتیلی ماں ‘بن گئے,5
دورۂ جنوبی افریقہ، بھارتی ٹیم کا آج اعلان، گمبھیر اور ظہیر خان کی واپسی کا امکان,3
اسامہ بن لادن کی لاش کا افغانستان میں ڈی این اے ٹیسٹ کا انکشاف,7
نگراں حکومت مک مکا سے نہیں بننے دیں گے،ڈاکٹرطاہرالقادری,3
بھارت مقبوضہ کشمیر میں منظم طریقے سے تشدد کررہا ہے، وکی لیکس کے انکشافات,3
میانمار میں ایک مرتبہ پھر مسلم کش فسادات پھوٹ پڑے، 2 افراد ہلاک,7
وفاقی دارالحکومت اسلام آباد میں 2 ماہ کے لیے دفعہ 144 نافذ,3
بھارت میں 4 منزلہ ہوٹل ٹرک ٹکرانے سے منہدم، 10 افراد ہلاک,7
ٹرمپ نے برطرف کئے جانیوالے ایف بی آئی ڈائریکٹر کو اداکار قرار دیدیا,7
چیمپئنز ٹرافی 2021 کے لیے پاکستان نے میزبانی کا ارمان دل میں بسا لیا,5
بھارتی ریاست بہارمیں شدید بارش اورطوفان سے 33 افراد ہلاک،80 سے زائد زخمی,7
فکس اٹ مہم کے بانی عالمگیرخان گرفتار,3
نوبل انعام یافتہ سب سے عمر رسیدہ اطالوی خاتون انتقال کرگئیں ,7
پنڈی بھٹیاں میں استاد کا طالب علم پروحشیانہ تشدد، بچے کے دانت توڑ ڈالے,3
سشما سوراج کے دورہ پاکستان میں جامع مذاکرات سےمتعلق کچھ کہناقبل ازوقت ہے، سرتاج عزیز,3
کوئی کچھ بھی کہے شریف خاندان میں واضح اختلافات ہیں، یاسمین راشد,3
بھارت میں گائے کا گوشت سپلائی کرنے کے شبے میں ہندو انتہا پسندوں کا ٹرک ڈرائیور پر تشدد,7
تولیہ انڈسٹری توانائی بحران کا شکار، عالمی خریداروں نے بھارت کا رخ کرلیا   ,0
مائیکل وان کا پاکستانی ٹیم کی خراب کارکرگی  پر شک کا اظہار,5
بھارت نے پاکستانی امپائر اسد رؤف پر 5 سال کی پابندی عائد کردی,5
سرفراز نے عظیم کپتانوں میں شامل ہونے کا ارادہ کرلیا,5
انسانی حقوق کے تحفظ کے لئے عدلیہ کا کردار انتہائی اہم ہے، چیف جسٹس,3
اگر تم ساتھ ہوتے تو اچھا تھا,1
سلامتی کونسل میں پاکستان اور امریکی مندوبین کے درمیان لفظی جنگ,7
فاسٹ بولرمحمد آصف نے ریستوران میں جھگڑے کو ڈکیتی کا رنگ دیدیا,5
کراچی میں جعلی پاسپورٹس فروخت کرنے والا انسانی اسمگلر گرفتار,3
پنجاب ، سندھ میں مقررہ تاریخوں پر بلدیاتی انتخابات ہونگے، الیکشن کمیشن,3
قدرت کا کرشمہ؛ صحرائے اعظم میں ایک بار پھر برف باری,6
بل گیٹس انسداد پولیو مہم کیلئے 1.8ارب ڈالر دیں گے,7
انگور کھائیں اور مختلف قسم کے انفیکشن سے دور رہیں,2
خیبرپختونخوا میں باز کا غیرقانونی شکار کرنے پر قطری شہزادے کو 80 ہزار جرمانہ,3
پاکستانی کینوکی برآمد20کروڑڈالرتک پہنچنے کی امید,0
مینجمنٹ کے اعتماد پر پورا اترنے کی کوشش کروں گا، عمر اکمل,5
جی ایس پی پلس سے یورپی یونین کیساتھ تجارت 10 ارب یورو ہوجائیگی,0
جماعت اسلامی نے انکوائری کمیشن کیلئے ٹی او آرز کے 13 نکات پیش کردیئے,3
وزیرداخلہ رحمان ملک کی ایم کیوایم کے قائد الطاف حسین سے ملاقات,3
آر پی او گوجرانوالہ نے ایس ایچ اوز کے استعفوں کی تردید کردی,3
لیاری گینگ اور لشکر جھنگوی نے گٹھ جوڑ کر لیا، 30 فیصد کراچی میں مجرم روپوش ہیں,3
 بھارت میں شادی کا قیمتی تحفہ ایک عدد ٹوائلٹ !,6
آئی ایم ایف دوسری قسط دینے پر آج غور پاکستان جلد 30.8 کروڑ ڈالر واپس کر دیگا,3
دہشتگردی کیخلاف جوبہتر ہے کر رہے ہیں، امریکا کوجوابدہ نہیں، چوہدری نثار,3
ورلڈ کپ میں واکا کی تیز پچ افغان ٹیم کے ہوش اڑانے لگی,5
سانحہ ماڈل ٹاؤن کا مقدمہ ڈاکٹر طاہرالقادری کے بیٹے سمیت 3 ہزار کارکنوں کیخلاف درج ,3
بھارت کو افغانستان میں استعمال امریکی اسلحہ پاکستان کو دینے پر اعتراضات,3
عمران خان نے جوڈیشل کمیشن کی رپورٹ تسلیم کرلی,3
فری کک پر 27 واں گول، لیونل میسی نے ایک اور کلب ریکارڈ برابر کردیا,5
قومی ایئرلائن کی ایک روز میں 7 ملکی و بین الاقوامی پروازیں منسوخ، کئی کی روانگی میں گھنٹوں تاخیر,3
سپریم کورٹ کے ججوں کی تعداد بڑھا کر 19 کرنے کا بل منظور,3
’’مجھے اسٹار وارز دیکھنی ہے‘‘، اوباما نے فلم کے لئے پریس کانفرنس ادھوری چھوڑدی,6
ویرات کے ساتھ کسی قسم کا بزنس نہیں کررہی، انوشکا,1
اسلام آباد پولیس نے کامران فیصل قتل کی تحقیقات مکمل کرلیں   ,3
زرداری سے ملاقات، عرفان مروت ن لیگ چھوڑ کر پی پی میں شامل,3
افغانستان سے رہائی پانے والے 6 پاکستانی قیدی پشاورسنٹرل جیل منتقل,3
دپیکا کی تعریف میں رنویر حد سے گزر گئے,1
افغان طالبان کی ہلمند میں انسداد پولیو قطرے پلانے پرپابندی ,7
تقسیم کے وقت ہندو، مسیحی اور سکھ مسلمانوں کے خلاف متحد تھے,7
سعید اجمل ورلڈ کپ میں حصہ لینے کیلیے بے تاب ,5
ڈائریکٹر جنرل ملٹری آپریشنز کی ملاقات، بھارت نے تاریخ مانگ لی,7
عالمی بینک اصلاحات کے نفاذ میں پاکستان کی مدد کیلیے تیار,0
رئیس کے پوسٹر میں شاہ رخ اور ماہرہ کی دلچسپ کیمسٹری,1
وزیراعظم یمن کی صورت حال پر آج شام پالیسی بیان جاری کریں گے,3
جنرل باجوہ کو بھارت کیخلاف جارحانہ پالیسی اپنانا ہوگی، مشرف,3
ایم ایم اے کے مقابلے میں دینی جماعتوں کا کوئی اتحاد کامیاب نہیں ہوگا، فضل الرحمان,3
بے وقت کی راگنی تاثر نہ چھوڑ سکی، اسٹیڈیم میں الو بولنے لگے,5
اسفندیار، ہوتی اختلافات، امیر حیدر ہوتی پریشان، والد کا ساتھ دیں یا ماموں کا ,3
بھارتی ٹی وی اداکارہ سارہ خان پاکستانی ٹیلی فلم میں کام کریں گی,1
سانحہ بلدیہ پرسندھ حکومت کومستعفی ہوناچاہیے تھا، منورحسن ,3
زخم کی گہرائی اور انفیکشن دکھانے والا انوکھا دستی اسکینر,4
سلمان خان ایک مرتبہ پھر چھوٹی اسکرین پر کام کریں گے,1
ٹیکس چوروں کو پکڑنے کیلیے قانون سازی کا عمل شروع,0
آصف زرداری کا الطاف حسین کو ٹیلی فون، سندھ حکومت میں شمولیت پر تبادلہ خیال,3
پی ایس ایل کی وجہ سے متعدد فلموں کی نمائش ملتوی,1
کراچی میں ڈیڑھ لاکھ شناختی کارڈ چوری کیس کا فیصلہ 18 سال بعد سنا دیا گیا,3
غلط  پالیسیز ؛ قومی ون ڈے ٹیم زوال کی گہرائیوں میں پہنچ گئی,5
برطانوی خفیہ ادارہ جاسوسی کے لئے پاکستان کی موبائل کمپنیوں کو ہیک کرنے میں ناکام,7
سزائے موت پر عملدرآمد پاکستان کا اندرونی معاملہ ہے، امریکی محکمہ خارجہ,7
راکھی ساونت کا سنی لیون کوبالی ووڈ میں رہنے کے لیے اپنی کاپی کرنے کا مشورہ,1
بھارت نےجنگ مسلط کی تو پاکستان بھی بھرپور جواب دینے کے لئے تیارہے، خواجہ آصف,3
 اسلام امن و شانتی کا مذہب ہے، بھارتی وزیر اعظم نریندرمودی,3
ٹیسٹ ٹیم کی کپتانی، سرفراز احمد فیورٹ بن گئے,5
چیمپئنز لیگ: بائرن میونخ نے بارسلونا کو 4-0 سے پچھاڑ دیا,5
لاہور: کار حادثہ، ایک ہی خاندان کے 3 افراد جاں بحق، 2 بچے زخمی,3
نوجوانوں کا کارنامہ، گرمی کی لہر سے بچاؤ کیلیے ڈیوائس تیار,4
نئے چیئرمین نیب کا تقرر رکوانے کیلیے فصیح بخاری کا سپریم کورٹ سے رجوع کرنے کا فیصلہ,3
جدہ ،نجی ایئرلائن کی پروازیں50گھنٹے تاخیرکا شکار،مسافرپریشان ,3
بھارتی فلموں میں کام کرنیکی کبھی خواہش نہیں رہی، ریما,1
اسلام آباد ہائی کورٹ نے پنجاب میں سی این جی فراہمی کا سابقہ شیڈول بحال کردیا,3
منوبھائی اوراستاد نذرحسین کی وفات نے شوبزحلقوں کو رنجیدہ کردیا,1
ون ڈے بیٹسمین رینکنگ میں بابر اعظم ایک درجہ تنزلی سے چھٹے نمبر پر چلے گئے,5
2020 سمر گیمز: ایک کھیل کو نکالنے کیلئے آج ووٹنگ,5
مہران بیس جیسے حملوں سے نمٹنے کی تیاری کرلی،نیول چیف ,3
او آئی سی نے شام كی ركنيت معطل كردی,7
سرحد پرامن چاہتے ہیں لیکن بھارتی جارحیت کا بھرپورجواب دیں گے، ترجمان پاک فوج,3
بلا شاخ بینکاری کے ذریعے اپریل تا جون 326 ارب روپے کا لین دین   ,0
پاکستان میں انٹرنیٹ کی اوسط رفتار میں 156 فیصد اضافہ,4
قومی اسمبلی اجلاس کا ناتمام دورانیہ،آئینی بحران کاخدشہ,3
دہلی کی شاہی مسجد کے امام سید احمد بخاری قاتلانہ حملے میں بال بال بچ گئے,7
رجب المرجب کا چاند نظر آگیا، چیئرمین رویت ہلال کمیٹی,3
آئی سی سی سری لنکا کو واجب الادا  3 لاکھ ڈالر دینے کو تیارہوگئی ؟,5
پاک امریکن فرٹیلائزرکے ہزاروں مزدوروں کی بیروزگاری کاخدشہ,0
جعلی ڈگری کیس؛ سپریم کورٹ نے(ن) لیگ کی رکن قومی اسمبلی سمیرا ملک کو نا اہل قرار دیدیا,3
مسلم لیگ ن کے صدر نوازشریف سے مسلم لیگ ہم خیال کے وفد کی ملاقات,3
افغان انڈرنائنٹین کرکٹ ٹیم نے پاکستان کو 214 رنزسے عبرتناک شکست دیدی,5
گلوبل وارمنگ ہماری زندگیوں کو یکسر تبدیل کر دے گی,4
کراچی کا موسم آج بھی گرم اور خشک رہنے کا امکان,3
پریذیڈنٹ ٹرافی کرکٹ، عمر گل نے فارم میں واپسی کا نقارہ بجا دیا,5
پاکستان ٹیسٹ سیریز میں انگلینڈ کو کچل دے گا،  شعیب اختر,5
کراچی کرکٹ کے معیار میں بہتری کی تجاویز دینے کے لیے سابق کرکٹرز مدعو ,5
ریلی وزیرستان میں داخل نہ ہوسکی، مقصد پورا ہوگیا، عمران خان,3
’’طلاق ثلاثہ بل واپس لیا جائے‘‘ ممبئی میں لاکھوں مسلم خواتین کا مظاہرہ,7
نیپرا نے بجلی کی قیمت میں47 پیسے فی یونٹ کمی کی منظوری دے دی,0
کینیا میں 2 دن سے شاپنگ مال پر دہشت گردوں کا قبضہ، ہلاکتوں کی تعداد 68 ہوگئی,7
امریکی الیکشن:ایشیائی ووٹرکنگ میکرہونگے،جائزہ رپورٹیں ,7
سری لنکا نے ٹاس فکسنگ کا معاملہ دبانے کیلیے ’ایڈٹ‘ شدہ ویڈیو کلپ جاری کردی,5
بے نظیر کے نام والے منصوبوں کا نام تبدیل نہ کیا جائے، پیپلز پارٹی,3
سڈنی میں ’’ایکسپریس پاکستان رئیل اسٹیٹ ایکسپو‘‘ کا کامیاب انعقاد,3
راولپنڈی میں گھر سے  میاں بیوی اور دو بیٹیوں کی لاشیں برآمد,3
ایف بی آئی کی جانب سے شہریوں کا فون ڈیٹا حاصل کرنا غیر قانونی ہے، امریکی عدالت,7
بلاول بھٹو زرداری کو منانے صدرآصف زرداری دبئی پہنچ گئے,3
فرانس کے بعد بیلجیم میں بھی دہشت گردی کا خطرہ، سیکیورٹی ہائی الرٹ,7
بھارتی اسٹارمہندرا سنگھ دھونی بھی رنگین بیٹ استعمال کرتے نظر آئیں گے,5
بیرون ملک مقیم پاکستانیوں کو ووٹ کا حق دیا جائے، تاج حیدر,3
وزیراعظم نے ٹرانسپورٹ کے کرایوں میں کمی کیلئے وزیراعلیٰ سندھ کو خط لکھ دیا,3
ترکی سرحد پر شام کی بمباری، 5 شہری ہلاک، پاکستان کی شدید مذمت,7
فلم ’ویلکم‘ کا تیسرا سیکوئل بنانے کی تیاریاں,1
آپ کو مسکرانے پر مجبور کردینے والی جانوروں کی دلچسپ تصاویر,6
ای او بی آئی میں خلاف ضابطہ بھرتیوں پر خورشید شاہ سپریم کورٹ میں طلب,3
سینیٹ کمیٹیوں کے18سابق سربراہ تا حال مراعات سے مستفید,3
افغانستان سے بازیاب علی حیدر گیلانی 3 سال بعد اپنے گھر پہنچ گئے,3
سپر لیگ آرمی، کرکٹ کے عظیم سپہ سالار جے وردنے بھی بھرتی,5
"فلم ""ویلکم ٹو کراچی"" کے لئے ارشدوارثی نے نیاروپ دھار لیا",1
خواہش ہے مداح بطوراداکارہ مجھے ہمیشہ یاد رکھیں، شلپا شیٹھی,1
بجلی پیداوار،وزارت پٹرولیم نے50ارب روپے ماہانہ مانگ لیے,0
شرمناک ناکامی کو ناتجربہ کاری کی آڑمیں چھپانے کی کوشش,5
ملک کی بلند ترین عمارت کی تعمیر مکمل کرلی، طارق رفیع ,0
وزیراعظم کی عدم پیشی کا فیصلہ ہوا نہ لانگ مارچ کا، کائرہ,3
اقوام متحدہ نے حقانی نیٹ ورک پر پابندی عائد کردی ,7
لاہورکی ضلعی انتظامیہ نے ڈینگی سے بچاؤ کے لئے 3 ٹاؤنز میں ایمرجنسی نافذ کردی,3
بلاول زرداری کی جانب سے آج نئے وزیراعلی سندھ کے نام کا اعلان متوقع,3
عقل دنگ کردینے والے دلچسپ اور حیرت انگیز عالمی ریکارڈ,6
پاناما لیکس؛ خورشید شاہ نے تحقیقاتی کمیشن کیلیے رضاربانی کا نام تجویزکردیا,3
دیپیکا نے رنبیر کے مقابلے میں رنویر کے ساتھ اپنی جوڑی کو مختلف قرار دے دیا,1
کراچی میں 3 روز کیلئے موٹر سائیکل کی ڈبل سواری پر پابندی لگادی گئی,3
پاکستان کو تکلیف کا احساس دلانا ہماری پالیسی ہے، بھارتی آرمی چیف,7
یاسرشاہ کی گھومتی گیندیں کک کیلیے درد سر بن گئیں,5
بھارت نے کبھی بھی دل سے پاکستان کو تسلیم نہیں کیا،فنکار,1
فرانس کو فٹبال ورلڈ کپ 2014 سے اخراج کا خطرہ درپیش ,5
کپل شرما کی ویڈیو نے ان پر مقدمہ درج کرا دیا,1
زرمبادلہ ذخائرمیں 2.3کروڑ ڈالر کا اضافہ,0
سلمان خان کو بھارت دشمن قرار دے دیا گیا,1
حنیف محمد کے نام سے اسٹیڈیم منسوب کیا جائے گا، شہریارخان,5
بوسنیا کا شخص جو 56 زبانیں بول سکتا ہے,6
ہم جیت کے حق دار تھے,1
مصر نے 2 ویران جزیرے سعودی عرب کو دیدیے,7
القاعدہ نے عرب شاخ کے سربراہ کی امریکی ڈرون حملے میں ہلاکت کی تصدیق کردی,7
یکم جون سے پیٹرولیم مصنوعات کی قیمتوں میں اضافے کا امکان,0
چنئی ٹیسٹ؛ ٹنڈولکر اور ویرات کوہلی کینگرو بولرز کے سامنے ڈٹ گئے ,5
میری کرینہ کپور کے ساتھ جوڑی فلاپ رہی، شاہد کپور ,1
اقتصادی راہداری ترقی کا سنہری موقع ہے،احسن اقبال,0
شدید گرمی میں کیا کھائیں اورکن چیزوں سے بچیں,2
جاوید اختر ’پدماوت‘ کی حمایت میں بول پڑے,1
دوران حمل کام کرنے کا رجحان متعارف کرانے والی اداکارائیں,1
شرمین عبید کی ’سانگ آف لاہور‘ امریکا کے ٹرائی بیکا فلم فیسٹول کے لئے نامزد,1
گلن میک گرا کا ریکارڈ، جیمز اینڈرسن خطرہ بن گئے,5
برما:بدھ مت پیروکاروں کے حملے، 3 روہنگیا مسلمان شہید   ,7
پروٹیز نے پونٹنگ کے آخری میچ کا مزا کرکرا کر دیا ,5
کوچ ناقص پرفارم کرنے والے بولرز کی ڈھال بن گئے,5
پی ٹی اے کا موبائل فون کمپنیوں کو رات کے پیکجز محدود کرنے کے لئے پابند کرنے کا فیصلہ,0
کھاناہے نہ پانی، کسی نے حال تک نہیں پوچھا، متاثرین سیلاب,7
 اسامہ کو کس نے مارا؟مزید دعویدار سامنے آگئے ,7
پی سی بی کی نئی سلیکشن کمیٹی کا پہلا اجلاس آج کراچی میں ہوگا  ,5
افغانستان میں نیٹو ہیلی کاپٹر تباہ، 2 برطانوی فوجیوں سمیت 5 اہلکار ہلاک,7
کیا آپ گوشت کاٹنے کے بغدوں سے مساج کرانا پسند کریں گے؟,6
وہ غذائیں جو رکھیں آپ  کو خوش اور موڈ بنائیں بہتر,2
کس کے دل میں کس کا خوف,1
حفیظ کے حوصلے توانا،مشکل دور سے جلد نکلنے کا یقین ,5
پاناما پیپرز سے بچن خاندان کو کوئی نقصان نہیں پہنچا، ابھیشیک,1
سلمان بٹ کیخلاف میچ فکسنگ کا مقدمہ درج کرنیکی درخواست پر نوٹس جاری,5
کیا آب و ہوا کی تبدیلی پاکستان کو تباہ کردے گی؟,4
بھارت میں بیٹی کی پیدائش پر باپ نے خودکشی کرلی,7
قومی فٹبال ٹیم کے نئے برازیلین کوچ 25 اپریل کو پاکستان آئیں گے,5
پولیو وائرس سے 10 سال میں 2 لاکھ بچے متاثر ہوسکتے ہیں، مقررین   ,4
ہلیری کلنٹن نے اپنے شوہر کی کمپنی کو فائدہ پہنچانے کیلیے لابنگ کی، رپورٹ میں انکشاف,7
مسلسل ناکامی کا شاخسانہ، یونس کی چیمپئنز ٹرافی اسکواڈ سے چھٹی  ,5
پریزیڈنٹ ٹرافی: کے آر ایل نے رنز کا پہاڑ کھڑا کردیا  ,5
بنگلادیشی سپریم کورٹ نےجماعت اسلامی کے رہنما کی سزائےموت کیخلاف اپیل مسترد کردی,7
پریزیڈنٹ ٹرافی کرکٹ سوئی گیس نے حریف بیٹنگ بھک سے اُڑا دی,5
امیتابھ بچن اپنی فلم ریلیز نہ ہونے سے پریشان,1
دیپکا پڈوکون کو فلم ’’سلطان‘‘ میں سلمان خان کے مقابل سائن کر لیا گیا,1
مجھے پی سی بی میں جاب دلا دو,5
کرپشن ختم کرنے کیلیے مزید اقدامات کریں، آئی سی سی کی بورڈز کو ہدایت,5
پی ایس او کے مختلف اداروں پر واجبات 335 ارب سے تجاوز,0
سابق بی سی سی آئی چیف سری نواسن کے گرد قانون کا گھیرا مزید تنگ,5
عالمی سطح پر وائرل ہیپاٹائٹس کے امراض اور اموات میں  اضافہ ہورہا ہے، سروے,2
کراچی کنگز نے اسلام آباد یونائٹیڈ کو شکست دیکر اگلے مرحلے کیلئے کوالیفائی کرلیا,5
مصر کے صدر نے انقلابیوں کیلئے عام معافی کا اعلان کردیا، قتل کے ملزمان پر اطلاق نہیں ہوگا   ,7
جاوید میانداد نے نوجوان کرکٹرز کی تربیت کے لیے خدمات پیش کردیں,5
ایف بی آر کا ڈائریکٹوریٹ جنرل انٹیلی جنس کو کریسٹ تک رسائی کا فیصلہ    ,0
کراچی اسٹاک مارکیٹ میں مندی، 2 نفسیاتی حدیں بیک وقت گرگئیں   ,0
پاکستان نے غیر ملکیوں کے خوف کی دیوار گرادی,5
جونیئر ایتھلیٹکس: پنجاب نے برتری ثابت کردی,5
ریکس ٹلرسن امریکی وزیرِ خارجہ نامزد,7
سارہ رضا نے اپنے استاد کی بنائی دھن کو ریکارڈ کرنے کے بعد وڈیو پر کام شروع کر دیا,1
چین میں پاور اسٹیشن میں دھماکے سے 21 افراد ہلاک,7
ڈنمارک پولیس نے کوپن ہیگن میں فائرنگ کرنے والے حملہ آور کو ہلاک کردیا,7
چین امریکا کے بعد پاکستانی مصنوعات کی دوسری بڑی منڈی بن گیا ,0
روپے کی قدرمیں کمی سے کینسروایڈز کی ادویہ مہنگی ہوگئی,0
وڈیو البم آئندہ سال ریلیز کی جائے گی، پریانکا چوپڑا ,1
بپاشا باسو نئی فلم میں سلمان خان کی ہیروئن بنیں گی،اداکاراؤں کا وقت ہے،اداکارہ,1
منظم زندگی گزارنے کی عادی ہوں، انوشکا شرما,1
ایشیا کپ میں ناکامی، عمران خان نے چیئرمین پی سی بی کی تعیناتی پرسوالات اٹھا دیئے,5
نوجوان ٹیم کوسیٹ ہونے کے لیے وقت دینے کاحامی ہوں،شاہد آفریدی,5
حیدرآباد دکن، ہندو خاتون سیاسی رہنما کے گھر قرآن خوانی کا اہتمام,7
یو بی ایل نے ’بینک آف دی ایئر 2012 پاکستان‘ ایوارڈ جیت لیا,0
آصف ٹوبا نئے قومی اسنوکر چیمپئن بن گئے، حمزہ ناکام,5
موجودہ چیئرمین نے بورڈ کا نظام تباہ کردیا، ذکااشرف,5
نئی فلم میں اہم کردار نبھارہی ہوں، نیہا شرما    ,1
اسرائیلی سفاکیت کا شکار معذوروں کا اسپتال عالمی بے حسی کی تصویر,7
پاکستان کے معروف کامیڈین نشیلا کو مداحوں سے بچھڑے ایک برس بیت گیا,1
بوسٹن: میراتھون کے دوران یکے بعد دیگرے 2 دھماکے، 2 افراد ہلاک، 30 زخمی,7
لوگ مار دھاڑ نہیں، لو اسٹوری پر فلم پسند کرتے ہیں، صائمہ ,1
پہلا ٹوئنٹی 20: بیٹنگ لائن کی ناکامی انگلینڈ کو لے ڈوبی,5
شرح سود میں اضافے پر احتجاج، مشکلات بڑھیں گی، کاروباری برادری اقتصادی ماہرین,0
پاکستان سے تجارت کوفروغ دیناچاہتے ہیں، یوکرائن,0
بھارتی فاسٹ بولرمحمد شامی کے والد انتقال کرگئے,5
ہیوی الیکٹریکل کمپلیکس کے 97 فیصد حصص کی فروخت کی منظوری,0
ریمپ پر عمدہ واک، بچوں کا ٹیلنٹ دیکھ کر خوشی ہوئی، کنول,1
عامر خان کو بھارت پسند نہیں تو سعودی عرب چلے جائیں، گلوکار ابھیجیت,1
امریکی ریاست میساچیوسٹیس میں طیارے میں دھماکا، عملے سمیت 7 افراد ہلاک,7
ملا عمر آئندہ صدارتی انتخابات میں حصہ لے سکتے ہیں، حامد کرزئی,7
اُردو کرکٹ کمنٹری کے بانی منیرحسین انتقال کرگئے ,5
ترسیلات زر پہلی سہ ماہی میں 3.93 ارب ڈالر تک پہنچ گئیں,0
2013 کے دوران دنیا بھر میں 134 صحافی قتل کیے گئے، رپورٹ,7
عراق کے مختلف شہروں میں بم دھماکے اور فائرنگ ،7 افرادہلاک ،19 زخمی,7
سونے کی تولہ قیمت 200 روپے گھٹ کر49 ہزار250 روپے ہوگئی,0
پاک، بھارت سیریز سب سے بڑا مقابلہ ہے، کامران اکمل,5
سرفراز احمد قیادت کا دباؤ لینے لگے، ساتھی فیلڈرز پر غصے کا اظہار,5
خالد لطیف پیش نہ ہوئے تو ٹریبیونل رپورٹس پر کارروائی کرےگا، تفضل رضوی,5
بیس برس سے ایک خاندان کے ساتھ رہنے والا انسان دوست مگرمچھ,6
امریکا دنیا میں اپنی حکمرانی قائم کرنا چاہتا ہے، روس,7
انڈونیشیا کے قریب تارکین وطن کی کشتی الٹنے سے 4 افراد ہلاک، متعدد لاپتہ,7
شاہ رخ خان کے پروڈکشن ہاؤس میں غیرقانونی تعمیرات مسمار,1
ہمارا اگلا ہدف داعش ہے جس کے رہنماؤں کو کہیں چھپنے کی جگہ نہیں ملے گی، صدراوباما,7
بھارت: زیادتی کے ملزمان کا اعتراف جرم، چارج شیٹ پیش,7
بھارت نےانڈر19ورلڈکپ کےفائنل میں آسٹریلیا کوشکست دےدی,5
میشا شفیع نے علی ظفر کے ساتھ قانونی جنگ کیلئے کمر کس لی,1
برآمدات کے نام پر ٹیکس چوری کرنے والوں کیخلاف تحقیقات شروع ,0
نریندر مودی چینی صدر سے ملاقات میں پاک چین راہداری کا رونا روتے رہے,7
مینارڈ کا موت سے قبل نشے میں دھت ہونے کا انکشاف ,5
ایرانی پھلوں کی بلا رکاوٹ ڈمپنگ، فارمز کو ماہانہ 4ارب کا نقصان,0
اسٹیپنڈ کیٹیگری محدود کیے جانے پر نوجوان پلیئر ز مایوس ,5
ہرروز طیارے کے ذریعے کام پر جانے والا شخص,6
حصص مارکیٹ میں کاروباری حجم میں نمایاں کمی,0
راحت علی اور محمد عباس کے ٹیسٹ انجری اور بخار کے باعث ملتوی,5
ایف بی آر نے صوبوں کی ان پٹ ٹیکس ایڈجسٹمنٹ روک لی  ,0
بھارت نے کولمبو ٹیسٹ میں سری لنکا کو 278 رنز سے شکست دے دی,5
خدمت خلق اور انسانی ہمدردی، سیرت طیبہ کے اہم گوشے    ,1
احباب پاکستان اورتارکین وطن نے سرمایہ کاری کونسل بنادی,0
امریکی صدر55 سال بعد کیوبا کا پہلا دورہ کریں گے,7
سی این جی اسٹیشنز کے لیے یکساں ریفنڈ پالیسی کی ہدایت,0
عوام کے مطالبے پر سزائے موت کے قانون کی بحالی کے لئے تیار ہیں، رجب طیب اردگان,7
فلم ’’بجرنگی بھائی جان‘‘ میں سلمان اور کرینہ کی پھر جوڑی بنے گی ,1
انگلینڈ نے دوسرے ون ڈے میں پاکستان کو شکست دے دی,5
پاکستانی اسپنر فواد احمد کو آسٹریلوی شہریت مل گئی,5
روئی کے سودوں کی رجسٹریشن میں تاخیر،برآمدات متاثر,0
مقبوضہ کشمیر میں غیر کشمیریوںکو ڈومیسائل کے اجرا کے خلاف احتجاج,7
دہشتگردی کا خطرہ؛ صدارتی انتخابات کے امیدوار کسی سے بھی تحفہ لینے سے گریز کریں، افغان انٹیلی جنس ,7
برمی فوج نے میرے ڈیڑھ سالہ بچے کو زندہ جلایا، روہنگیا خاتون,7
بیک گراؤنڈ ڈانسر سے کریئر کا آغاز کرنے والے بالی ووڈ ستارے,1
جمیکا ٹیسٹ میں تاریخی اعزاز یونس خان کا منتظر,5
برطانوی عدالت نے نشے کی حالت میں پی آئی اے کا جہاز اڑانے والے پائلٹ کو 9 ماہ کی سزا سنادی,7
وہ  12 چیزیں جو تیزی سے دنیا کو تباہی کی طرف دھکیل رہی ہیں,6
فلسطینیوں کی مزاحمتی تحریک کیا ہوئی؟,7
سہہ ملکی سیریز کے میچ میں آسٹریلیا نے بھارت کو شکست دیدی ,5
جوابی ایشز، کوچ کو سابق آسٹریلوی کرکٹرز کی حمایت حاصل ,5
گزشتہ ہفتے کراچی اسٹاک مارکیٹ غیریقینی کا شکار، مندی چھائی رہی ,0
رنبیر کپور نے صحافیوں سے بچنے کے لئے کار ہی صحافی پر چڑھادی,1
ویمنز ورلڈ کپ؛ شارلوٹ نے انگلینڈ کو تیسری پوزیشن دلادی,5
چاول کی برآمد 1 ارب ڈالر سے تجاوز کر گئی، ایکسپورٹرز,0
ای ین چیپل پر کاگیسو ربادا کے بارے میں نسلی تبصرے کا الزام عائد,5
روزانہ 600 کیلوریزکے استعمال سے ٹائپ ٹو ذیابیطس کا خاتمہ ممکن !,2
ورلڈ ہاکی لیگ، قومی ٹیم شرکت کیلیے کوالالمپور روانہ ,5
قومی ہاکی ٹیم کے چیف سلیکٹر اصلاح الدین  اپنے عہدے سے مستعفی,5
شاہد آفریدی کی طبیعت ناساز ہوگئی,5
امریکا نائن الیون کے بعد افغانستان پر ایٹم بم گرانے پرغورکررہا تھا، مشیرسابق جرمن چانسلر,7
شاہ رخ خان نے لدھیانا میں ڈیرے ڈال دیے,1
اقوام متحدہ کے امدادی قافلے پر حملے کا ذمہ دار روس ہے ، امریکا,7
مقبوضہ کشمیر میں ایک اور بھارتی فوجی نے خود کشی کرلی,7
15 سالہ بھارتی بولرنے بغیر رن دیے پوری ٹیم آؤٹ کردی,5
اسمارٹ فون سے کھلنے والا اسمارٹ تالا بھی متعارف کرا دیا گیا,4
روپے پرپابندی کی اطلاعات؛ اسحٰق ڈارکا افغان سفیر سے رابطہ,0
جیل میں گیتا کے ساتھ قرآن کا بھی مطالعہ کیا، سنجے دت,1
ارد گان کو ”ہٹلر“ کہنے پر ترک باسکٹ بال پلیئر کا پاسپورٹ منسوخ,5
شراب اور تمباکو نوشی قبل ازوقت بڑھاپے کی وجہ,2
خلا میں موجود دھاتی کچراعالمی مواصلاتی  نظام تباہ کرسکتا ہے، تحقیق,4
ورلڈ کپ کی تاریخ,5
پاکستان کا دورہ جنوبی افریقا؛ پروٹیز کا یو اے ای میں فتح یاب اسکواڈ برقرار رکھنے کا فیصلہ,5
سلو میاں نے سماجی رابطے کی ویب سائیٹ ’’فیس بک‘‘ میں شاہ رخ خان کو پیچھے چھوڑ دیا,1
مرد کی کامیابیوں کے پیچھےعورت کا ہی ہاتھ ہوتا ہے، فواد خان,1
رمضان میں یوٹیلٹی اسٹورز کی نگرانی کیلیے ویجیلنس سیل قائم  ,0
حفیظ ٹی ٹوئنٹی میں ’’کرسی ہلنے‘‘ کے خدشات سے آزاد,5
شرمين عبيد چنائے كی فلم ’’سيونگ فيس‘‘ ايمی ايوارڈز ميں سال كی بہترين دستاويزی فلم قرار,1
قابض بھارتی فوج نے خاتون حریت رہنما آسیہ اندرابی کو حراست میں لے لیا,7
پاکستان کرکٹ بورڈ نے 8 سال میں بھارت کے ساتھ 30 میچز کی آس لگالی,5
اداکاری کا ایک اور درخشاں ستارہ ڈوب گیا,1
پاکستانی ٹیم نے سست بیٹنگ کی داستان رقم کر دی,5
چین کراچی میں بڑی الیکٹرونکس نمائش منعقدکرے گا,0
شمالی کوریا کے یکے بعد دیگرے 2 میزائل تجربات,7
کوچ شکستوں کا ملبہ سلیکشن کمیٹی پر ڈالنے لگے,5
نیو یارک حملے کے ملزم پردہشت گردی کی فردِ جرم عائد,7
ورلڈ ہاکی لیگ؛قسمت مہربان،پاکستان کی کوارٹر فائنل میں رسائی,5
ٹائم میگزین نے ڈونلڈ ٹرمپ کو سال کی بہترین شخصیت قرار دے دیا,7
دورہ نیوزی لینڈ کے لئے قومی ٹیم کے کھلاڑیوں کیلئے سخت ضابطہ اخلاق جاری,5
سنیل گواسکر نے پاک بھارت کرکٹ روابط کی بحالی دونوں ملکوں میں مذاکرات سے مشروط کردیا,5
شوہر نے نابینا بیوی کے لئے گھر کے اطراف خوشبودار پھول اُگا دیئے,6
ٹینس کی نئی عالمی رینکنگ میں اعصام الحق ٹاپ ٹین کھلاڑیوں میں شامل ,5
بالی ووڈ کے معروف ہدایت کار کرن جوہر بچہ گود لینے کا سوچ رہے ہیں,1
آئی ایم ایف شرائط ،  گیس کی قیمتوںمیں اضافے پرغورشروع ,0
بھارتی ایئرلائن کی پرواز میں معاون کپتان نے کپتان کی دھلائی کرڈالی,7
سسٹم میں خرابی کے باوجود اپنا ٹاسک پورا کرنے والا روبوٹ تیار,4
انفرادی آزادی میں کمی اورملزمان سے ناروا سلوک دہشتگردی کو فروغ دے سکتا ہے، اقوام متحدہ,7
اکشے کمار کی فلم ’’جولی ایل ایل بی 2‘‘ قانونی چکر میں پھنس گئی,1
بھارتی فلموں میں ڈانس گلیمر، ہم کریں تو فحاشی ہے، ماہ نور ,1
لندن میں بغیر کان کے بچے کی چشمہ لگانے کی خواہش پوری,2
الینا بالٹچا نے انجری مسائل کے سبب ٹینس سے ریٹائرمنٹ کا اعلان کردیا,5
’’گرانٹ‘‘ سے فائدہ اٹھانے کا اختیار نئے کوچ کے سپرد,5
معین کوٹیم میں ورلڈ چیمپئنز کی جھلک دکھائی دینے لگی,5
بحران سے نکلنے کیلیے سرمایہ کاری ملکر فلمیں پروڈیوس کریں، ثناء,1
ایٹیکسیا؛ ایسی بیماری جس میں انسان پٹھوں پر اپنا کنٹرول کھو دیتا ہے,2
حصص مارکیٹ میں مندی، مزید 150پوائنٹس کی کمی,0
رینکنگ: ایک درجے ترقی سے پاکستان کا پانچواں نمبر,5
ابرام کا اپنے والد شاہ رخ کو فادرز ڈے پر خوبصورت تحفہ,1
سلمان خان بدترين اداكاری كے شعبے ميں نامز د,1
ابو ظہبی کی ڈیڈ پچ پر آئی سی سی کا پاکستان کو خط,5
اردو بولنے والے اپنے کلچرل سے بچھڑ گئے ہیں,1
فنکار پاک بھارت عوام کو قریب لاسکتے ہیں،سلیم جاوید ,1
 کسٹمزکاصابن سازانڈسٹری کے کنسائمنٹس کی کلیئرنس کاحکم,0
خانہ کعبہ کے کلید بردار  شیخ عبدالقادر طہ الشیبی مکہ مکرمہ میں انتقال کرگئے,7
اسلامی بینکاری کے تحت کریڈیٹ سہولت پر غور کیا جارہا ہے، گورنراسٹیٹ بینک,0
فرنچ ایکسٹرنل ٹریڈ ایجنسی کے ڈائریکٹر کی کراچی چیمبر آمد ,0
امریکا میں 200 اراکین کانگریس کا ٹرمپ کیخلاف بدعنوانی کا مقدمہ,7
ویمنز ورلڈ ٹی 20؛ انگلینڈ نے جنوبی افریقی خوش فہمی دور کردی,5
سرفراز احمد نے شکست کو مایوس کن قرار دیدیا,5
ترکی میں کار بم دھماکے سے 4 پولیس اہلکاروں سمیت 6 افراد ہلاک,7
آئی سی سی ٹیسٹ رینکنگ؛ یاسرشاہ نے دوسری پوزیشن حاصل کرلی,5
ٹیسٹ رینکنگ، پاکستان کو تیسری پوزیشن بچانے کے لالے پڑگئے ,5
آفریدی نے بھارت کو آئینہ دکھا دیا,5
سزا میں کمی، شرجیل خان کی خواہش حسرت بن گئی,5
اداکاری کو انجوائے کرتی ہوں، منیشا لامبا,1
سوڈان میں مظاہرین پرفوج كی فائرنگ،10افراد ہلاک، متعدد زخمی ,7
بُک شیلف,1
داعش نے شام کے تاریخی شہر پالمیرا پر قبضہ کرلیا,7
 جسمانی لحاظ سے کمزور بچے پڑھائی میں بھی کمزور,1
سیف سے شادی ہوئی ہے تو کیا ہوا نہ روزہ رکھا ہے نہ رکھوں گی، کرینہ کپور,1
پن بجلی منصوبوں کیلیے 20.75 ارب کی بیرونی امداد ملے گی   ,0
ایف بی آر نے 1 لاکھ 20 ہزار ٹیکس چوروں کو نوٹس جاری کردیے,0
حصص مارکیٹ؛ بینکنگ، آئل و سیمنٹ سیکٹر میں خریداری سے 31500 کی حد بحال,0
اداکارہ ودیا بالن ’’ڈینگی وائرس‘‘ کا شکار,1
پاکستان اسٹیل ملازمین نے ادارے کی نجکاری کا فیصلہ رد کردیا,0
افغانستان: طالبان کا ایک اور بم حملہ‘22 نیٹوٹینکر تباہ‘3 ڈرائیور زخمی ,7
 ٹوئنٹی 20 کپ : یو اے ای نے اومان کو7وکٹ سے قابو کر لیا ,5
دہشت گردی کیخلاف پاکستان کی قربانیاں نظر انداز نہیں کی جا سکتیں، بان کی مون,7
ایس ای سی پی، غیر بینکاری مالیاتی شعبے میں اصلاحات تجویز,0
چاند پر قدم رکھنے کے بعد دور دراز سے ایک پراسرار آواز سنائی دی تھی، خلا بازوں کا انکشاف,4
نئی گھی قیمتیں صوبے میں ہر صورت نافذکی جائیں، شہباز شریف,0
پاکستان نے قطر سے ایل این جی کی فراہمی معطل ہونے کے خدشات مسترد کردیئے,0
سعودی عرب میں  بس اور ٹرک میں تصادم، 4 افراد ہلاک اور31 زخمی,7
گال ٹیسٹ ڈرا ہونے سے بنگال ٹائیگرز خوشی سے نہال    ,5
 لیڈی ڈیانا کا خوبصورت گاؤن ایک لاکھ 67 ہزار ڈالر میں نیلام,7
قومی جونیئر ہاکی ٹیم اومان کی مہمان بنے گی,5
کمزور اٹیک کے خلاف فارم کی بحالی پر حفیظ مطمئن    ,5
آئی ایم ایف نے  پاکستان کیلئے 55 کروڑ ڈالر کی دوسری قسط کی منظوری دیدی,0
فٹ بال کا نیا شہزادہ۔۔۔ کرسٹیانو رونالڈو ,5
زیورات میری کمزوری ہیں، سری دیوی کا اعتراف  ,1
سلمان خان اورعمران ہاشمی ایک ساتھ  کمال دکھانےکے لیےتیار,1
چیمپئنز ٹرافی؛ انگلش اسکواڈ میں بوپارا اور بریسنن بھی شامل    ,5
علی ظفر نے میشا شفیع کو 100 کروڑ کا لیگل نوٹس بھجوا دیا,1
پاک بھارت کرکٹ سیریز بدستور ہوا میں معلق,5
بھارتی فلموں میں کام کرنے سے ہمیشہ انکار کیا، ریما,1
ایکسپو پاکستان اختتام پذیر، پاکستانی تاجروں اور غیر ملکی خریداروں کے درمیان 30 کروڑ ڈالر کے معاہدے ,0
شادی کرنے کا ارادہ نہیں ہے کنواری ہی خوش ہوں، سونم کپور,1
سعید اجمل سے محرومی، پاکستان فتح کی’’ڈپلیکیٹ‘‘ کنجی کا منتظر,5
3 سالہ سعودی بچی نے روزہ رکھ کر پوری دنیا کو حیران کر دیا,6
نیشنل گیمز: جھگڑا کرنیوالے 3 پلیئرز پر ایک سالہ پابندی    ,5
بھارت سے ہرجانے کا معاملہ آئی سی سی میٹنگ کے ایجنڈے میں شامل نہ ہوسکا,5
فیشن خاص طبقے تک محدود جب کہ اداکاری سب کے لیے ہوتی ہے، صائمہ اظہر,1
سونے کی تولہ قیمتوں میں اضافہ,0
فلم ’’بدلہ پور‘‘ میں جھمیلی کے نام سے مشکل کردار دا کیا: ہما قریشی ,1
ٹی ٹوئنٹی ورلڈ کپ؛ سری لنکا نے افغانستان کو 6 وکٹ سے شکست دیدی,5
ملکہ الزبتھ دوم ناقابل یقین اختیارات کی مالک,7
مذہبی تعلیمات کی پسند و ناپسند پر مبنی تشریح شدت پسندی کی وجہ ہے، خطیبِ جامعہ الازہر,7
ماہرہ خان اورزبیدہ آپا کا مداحوں کوزبردست سرپرائز,1
حصص مارکیٹ میں محدود خریداری، 60 پوائنٹس ریکور,0
مالٹا کے قریب کشتی  الٹنے سے 500 افراد کی ہلاکت کا خدشہ ہے، تنظیم برائے تارکین وطن,7
ممبئی ہائی کورٹ نے فلم ’’اڑتا پنجاب‘‘ کو نمائش کی اجازت دے دی,1
پاکستان کیخلاف سیریز سے قبل کوچ کی برطرفی کا فیصلہ درست تھا، ویسٹ انڈیز,5
پاک سوزوکی نے بھارت سے آٹوٹریڈ کی حمایت کردی  ,0
آلو کی قیمت میں کمی کیلیے ڈیوٹی ختم، برآمد روکنے کا عندیہ ,0
فرسودہ کہانیوں پر فلمیں بنانے کا دور ختم ہوچکا،جاوید شیخ,1
لارڈز ٹیسٹ: یاسر کی عمدہ بولنگ سے پاکستان کو نفسیاتی برتری مل گئی، حنیف محمد,5
سام سنگ کے اسمارٹ فونز اپنے مالک کا چہرہ بھی پہچانیں گے,4
فلور ملوں نے آٹے کی قیمت 360 روپے فی 10کلو کرنے کا اعلان کردیا,0
میسی نے بارسلونا کو ریئل میڈرڈ پر فتح دلا دی,5
ورلڈ بینک نے بینظیر انکم سپورٹ پروگرام کی ریٹنگ بڑھادی,0
آئی سی سی نے نجم سیٹھی کے الزامات مسترد کردیے,5
اشیائے خوراک کی عالمی قیمتیں جولائی میں2فیصدگرگئیں,0
بھارتی گرے کلاتھ کی دھوکہ دہی سے درآمد، ڈمپنگ سے 90 فیصد لومز بند,0
بھارتی اسپن جال میں الجھ کر پروٹیز بے حال,5
روس میں مُردے کے ساتھ مسکراتے ہوئے سیلفی لیں اور انعام حاصل کریں,6
میرا اور عتیق الرحمان کا نکاح حقیقت ہے، نکاح خواں کا عدالت میں بیان,1
’’عشق خدا‘‘ بالی وڈ فلم فیسٹیول ناروے میں دکھائی جائے گی  ,1
سلمان کی فلم میں شاہ رخ کیوں ناراض ہوئے؟,1
مسئلہ کشمیر پر ہمارا موقف تبدیل نہیں ہوا، امریکا,7
بین الاقوامی آئی ٹی معاہدے میں شمولیت کھٹائی میں پڑگئی,0
فلم ’’خوبصورت ‘‘ کی شوٹنگ کے دوران انیل کپورکے اہلخانہ نے اجنبیت کا احساس نہ ہونے دیا، فواد خان,1
کریمیا میں روسی مداخلت یورپ کی سیکیورٹی کیلئے انتہائی خطرناک ہے، نیٹو,7
تعمیر مائیکرو فنانس بینک نے آئی پی او سے 1 ارب جمع کرلیے ,0
برطانوی طلبا ضروریات پوری کرنے کے لیے ’’سیکس ورکر‘‘ بننے لگے,7
پاناما کیس کے فیصلے کے بعد اسٹاک ایکسچینج میں بھی تیزی کا رجحان,0
شاہین ایک بار پھر تاریخ رقم کرنے کا عزم آنکھوں میں سجائے آج ورلڈ کپ کیلئے روانہ ہوں گے,5
شام میں حکومتی فوج اور امریکی فضائی حملوں میں 56 افراد ہلاک,7
’’کوئین‘‘ کی کامیابی، کنگنا نے معاوضہ 50 فیصد بڑھا دیا ,1
 فلسطینی حکام نے یاسر عرفات کی قبرکشائی کی منظوری دیدی ,7
افغان فورسز اور طالبان میں شدید لڑائی، 50 سے زائد جنگجو ہلاک,7
لیڈرشپ کی موت کے باوجود القاعدہ کا اثرورسوخ بڑھ رہا ہے،امریکا  ,7
دمشق میں شدید لرائی، کئی علاقوں پر باغیوں کا کنٹرول،200افراد ہلاک,7
شمالی وزیرستان: آپریشن کیلئے دبائو ہے، فیصلہ ملکی مفاد میں کرینگے، گورنر خیبرپختونخوا ,7
سونے کی مقامی قیمتوں میں اضافہ,0
بھارتی فوج پر چین کا اتنا خوف کہ آسمان پر موجود سیاروں کو ہی ’’چینی ڈرون‘‘ سمجھتی رہی,7
سیف علی خان کی بیٹی سارہ علی خان بھی بالی ووڈ میں انٹری کی خواہش مند,1
معاشرتی مسائل کی نشاندہی کیلیے آرٹ فلمیں بنانی چاہئیں، شان,1
دنیا بھرکے جوہری پلانٹس کو سائبر حملوں کا خطرہ ہے، لندن تھنک ٹینک,7
رنبیربھی عامرخان کے نقش قدم پرچل پڑے,1
پاک نائیجیریا مشترکہ کمیشن نومبر تک تشکیل پاجائے گا، دودا دنلادی ,0
لارا دتہ نے 2003 میں ’’انداز‘‘ سے فلمی کیرئیر شروع کیا  ,1
جلد کو عمر رسیدگی کے اثرات سے بچانے والی 6 عام غذائیں,2
بھارت کو بھی لیستھ ملنگا مل گیا,5
کراچی اسٹاک مارکیٹ میں مندی،4نفسیاتی حدیں گر گئیں,0
خوراک کی عالمی قیمتیں گزشتہ ماہ 2.6 فیصد بڑھ گئیں ,0
سری لنکن ٹیم پر حملے کا ماسٹر مائنڈ قاری اجمل افغانستان میں ہلاک,7
پی پی نے قربانی کے مزید3 بکرے تیارکررکھے ہیں،شیرافگن ,7
امریکی عدالت کا 20 سال قید میں رہنے والے شخص کو 10 ملین ڈالر ادائیگی کا حکم,6
سوڈانی خاتون کا سر ڈھانپنے کا قانون ماننے سے انکار، کوڑوں کی سزا ہوسکتی ہے,7
ہمیں ماضی کے جھروکوں سے باہر نکلنا ہوگا، مہیش بھٹ ,1
مسجد نبویؐ میں چھڑکاؤ والے 450 پنکھے نصب ہیں، رپورٹ,7
وائی فائی سگنلوں سے جذبات و احساسات کا اندازہ بھی لگایا جاسکتا ہے,4
برطانیہ میں زیادتی کے مجرم نے عدالتی کٹہرے میں ہی اپنی گردن کاٹ لی,7
مودی نے صنعت کاروں کے پیسوں کے بل پر انتخابات میں کامیابی حاصل کی، راہول گاندھی,7
بھارتی اداکارہ شیبا بھاگڑی نے پاکستان میں اپنا قیام مزید بڑھا دیا,1
ٹرمپ کیلیے دھچکا، جج نے سفری پابندیوں میں نرمی کردی,7
بھارت میں ایک کروڑ روپے سے زائد قیمت کا بکرا,7
شرح منافع میں کمی، بچت اسکیموں میں سرمایہ کاری 28 ارب روپے گھٹ گئی,0
پاکستان میں فلمسازی کیلیے جدید ٹیکنالوجی آچکی ہے، شمعون عباسی,1
فرانس، نامعلوم افراد کی فائرنگ،4 افراد ہلاک,7
قادر خان چلنے پھرنے سے قاصر، وہیل چیئر کے محتاج ہوگئے,1
بیلجیئم میں 50 ملین ڈالر کی مالیت کے ہیرے چوری,7
ایکسپریس انٹرٹینمنٹ پر نئی ڈرامہ سیریل ’’نصیبوں جلی نرگس‘‘ آج رات سے آن ایئر ہوگا,1
امریکا: نیند کے دوران تصاویر بنانیوالی ننھی مصورہ نے لوگوں کوحیران کردیا,1
2 کروڑ سعودی ریال سے غلاف کعبہ کی تیاری جاری,7
کے ایس سی ہنڈریڈ انڈیکس تاریخ کی بلند ترین سطح پر پہنچ گیا,0
نئی دہلی: جنسی زیادتی کیخلاف قانون مظلوم لڑکی سے منسوب کرنیکی تجویز,7
طالبان رہنماپاکستان میں اجلاس کررہے ہیں،افغان آرمی چیف کا الزام,7
آنتوں میں غبارہ ڈال کر ذیابیطس کے انقلابی علاج کی آزمائش شروع,2
روسی خاندان کا پالتو ریچھ جو گھر کے کاموں میں بھی حصہ لیتا ہے,6
بنگلہ دیش :  پولیس سے جھڑپیں، جماعت اسلامی کے 5حامی جاں بحق ,7
بھارتی عدالت کا سنی دیول کے خلاف مقدمہ درج کرنے کا حکم,1
امریکا میں پرانی عمارت گرانے کا دلکش اور رنگوں سے مزین نظارہ,6
سب سے بڑی صنعتی و تجارتی تنظیم نے نجکاری پروگرام کی حمایت کر دی ,0
اتفاقیہ کامیاب ہونے والے لوگ باکمال ہوتے ہیں، ریجا علی,1
جہادکے نام نہادعلمبردارنوجوانوں کوتباہ کررہے ہیں،سعودی مفتی اعظم ,7
اسرائیل کو کبھی تنہا نہیں چھوڑیں گے، ڈونلڈ ٹرمپ,7
کراچی اسٹاک مارکیٹ؛ انڈیکس 19000 کی تاریخی حد عبور کرکے برقرار نہ رکھ سکا ,0
ٹیکسوں میں اضافے پر بزنس کمیونٹی سراپا احتجاج,0
حکومت کا 400 سے زائد درآمدی اشیا مہنگی کرنے کا فیصلہ,0
’’ماسٹر آف سونگ پکچرائزیشن‘‘,1
ٹی وی پر آنے کا کوئی ارادہ نہیں، فلموں پر ہی پوری توجہ دونگی، لارا دتہ  ,1
تیز رفتار انٹرنیٹ کیلیے 1 کروڑ ڈالر کی سرمایہ کاری کا اعلان,0
کم شکر میں زیادہ مٹھاس والی صحت بخش چاکلیٹ تیار,2
تھیٹر بحالی کے لیے کوشاں ہیں 9مارچ سے ’’کیا کراچی بیمار ہے‘‘ دوبارہ پیش کیا جائیگا:ذاکر مستانہ,1
مرگی، ایک دماغی مرض,2
نوجوانی میں ایک بڑے ادارے کا کمپیوٹر ہیک کرتے پکڑا گیا تھا، بل گیٹس,6
کراچی اسٹاک مارکیٹ میں غیر ملکیوں کی بڑے پیمانے پر خریداری،465 پوائنٹس کا اضافہ,0
مچھلیاں جان بچانے کے لیے خشکی پر آنے لگیں,6
ہالی ووڈ اداکارہ جوڈی گارلینڈ کی فراک4 لاکھ 80 ہزار ڈالر میں فروخت ہوئی,1
مسابقت مخالف سرگرمیوں پر مسابقتی کمیشن کا فلور ملز ایسوسی ایشن کو شوکاز نوٹس,0
کامیابی اور ناکامی کا انحصار آپ کی سوچ پر ہے   ,1
" فلم بے شرم کا نیا ویڈیو گانا ""تیرے محلے"" ریلیز کردیا گیا",1
سنی لیون اپنے شوہر ڈینیل ویبر کی دیوانی,1
چین نے آلودہ ہوا صاف کرنے والا دنیا کا بلند ترین ٹاور بنالیا,4
پَروں کی طرح حرکت کرنے والے ونڈٹربائن,4
70کی دہائی کی فلم ’’ڈان‘‘ شاہکار تھی،امیتابھ بچن,1
کورین تاجروں کاپاکستان سے معاشی روابط بڑھانے پرزور,0
بلاوجہ تنقید فلم انڈسٹری پھر بحران کا شکار ہونے لگی,1
انسانوں سے 10 گنا زیادہ طاقتور کیکڑا,6
عورت احترام کی چیز ہےتماشہ نہ بنایا جائے، صوفیہ حیات,1
پھولوں سے مؤثر ترین سن بلاک بنانے کی راہ ہموار,2
بالی ووڈ کے وہ مشہوراداکارجنہیں مقدمات کا سامنا کرنا پڑا,1
متنازع ٹیکس اقدامات پر ایف بی آر او صنعتکاروں کے مذاکرات ناکام   ,0
طیارہ حادثے میں ماں اور بیٹا معجزانہ طور پر زندہ بچ گئے,6
امریکا میں سیکڑوں آئی فون ایکس چوری,4
بھارت کا نابینا نوجوان اپنی انتھک محنت سے کمپنی کا مالک بن گیا,6
عیدالاضحی پر425 ارب روپے کے جانوروں کی خریداری,0
ٹیکسٹائل ایکسپورٹ 6.55 فیصد بڑھ کر 8.48 ارب ڈالر تک پہنچ گئی   ,0
سوہا اور ویر داس کی’’31اکتوبر‘‘ لندن انڈین فلم فیسٹیول میں پیش کی جائیگی,1
’’مجھ تک پہنچنا مشکل ہی نہیں، ناممکن ہے‘‘   ,1
وزارت خزانہ کی نگراں وزیراعظم کو اقتصادی صورتحال پر بریفنگ   ,0
ماہرہ خان کی نئی فلم ’ورنہ‘ کی پہلی جھلک,1
تنخواہوں کی عدم ادائیگی؛ گرین لائن منصوبے کے عملے نے ہڑتال کر دی,0
کرن جوہر 70 کی دہائی کی فلم ’’دوسرا آدمی‘‘ کا  ری میک بنائینگے ,1
پریا پرکاش کا سری دیوی کو گانا گا کر خراج عقیدت,1
بُک شیلف,1
اسٹاک مارکیٹ، تیزی برقرار، مزید 22 پوائنٹس کا اضافہ   ,0
ایک لاکھ جی بی سے بھی زیادہ گنجائش والی ڈسک ڈرائیو تیار,4
شاہ رخ ’’دھوم 4‘‘ کیلیے بالکل فٹ ثابت ہونگے، عامر خان ,1
نیویارک میں وہیل چیئر پر بیٹھے معذور چور نے بینک لوٹ لیا,6
نرگس پر فلم ’’نصیبو‘‘ میں فلمایا جانے والا گانا آئٹم سانگ بنادیا گیا,1
5 لاکھ سستے گھروں کی تعمیر کا منصوبہ فائلوں تک محدود,0
ٹیکس وصولیوں میں 17 ارب کے فرق کا انکشاف,0
انجلینا جولی کا بریڈ پٹ سے طلاق نہ لینے کا فیصلہ,1
ودیا بالن فلم ’’ہماری ادھوری کہانی‘‘ میں عمران ہاشمی کے مقابل ہیروئن کاسٹ ,1
غلطیوں سے سیکھنے والے نقصان سے بچ جاتے ہیں،ریما,1
’’بچوں کی کفالت پر 400 کروڑ ڈیمانڈ افواہ‘‘,1
لیجنڈری گلوکار کمارسانو نے فن موسیقی سے دوری کی اہم وجہ بتا دی,1
شرمیلافاروقی کی ماجد جہانگیرسے ملاقات، 4لاکھ کا چیک دیا,1
مجھے رنگوں سے پیار ہے، اسکرپٹ دیکھ کر کام کرنے کا فیصلہ کرتی ہوں، عالیہ بھٹ ,1
فرانسیسی فنکار پتھر میں قید ہوگیا,6
میری زندگی بیٹی کے گرد گھومتی ہے،لارا دتہ,1
وزارت صحت کے 19 منصوبوں کیلیے فنڈز جاری نہ ہوسکے,0
کچن کے غذائی فضلے کو کھاد بنانے والا ڈسٹ بن,4
کاروباری افراد کے لیے واٹس ایپ کا نیا ورژن متعارف,4
ٹرانسپورٹرز اور بڑے کاشتکاروں کو ٹیکس نیٹ میں لانے کی تجویز پیش  ,0
سی پیک قرضوں پرسودکے لیے ٹیکس استثنیٰ تجویز,0
بجلی کے تاروں کےذریعے تیز رفتار انٹرنیٹ پہنچانے کا منصوبہ,4
وہ چند غذائیں جن میں سے ایک کو اپنی غذا کا حصہ بنانا ضروری ہے,2
کمپیوٹر کی غلطی سے گاڑی میں گیس بھروانے والوں کی چاندی ہوگئی,6
پاکستان کینیڈا کے ترجیحی ٹیرف میں مزید وسعت کا خواہاں,0
ڈالر کی قدرمیں اضافہ؛ اسٹیٹ بینک نے ایکسچینج کمپنیوں کا اجلاس طلب کرلیا,0
فیس بک پر لوگوں کی پسندیدہ اشیا اور رحجانات کی فہرست جاری,4
اسٹیٹ بینک نے التوائے قرض اٹھا لیا، کے اے ایس بی بینک کو بینک اسلامی میں ضم کر دیا گیا,0
عالمی ٹیکسٹائل مارکیٹ میں پاکستان کا حصہ20فیصد گھٹ گیا,0
پولٹری صنعت میں سرمایہ کاری 1 ہزار ارب روپے سے تجاوز,0
فرانس میں خاتون صدارتی امیدوار پر انڈوں کی بارش,6
پاکستانی روپیہ ڈالر کے مقابلے میں تاریخ کی کم ترین سطح پر پہنچ گیا ,0
پرانی درآمدی گاڑیوں پر ٹیکس میں اضافے پر نظرثانی کا مطالبہ  ,0
شعبہ زراعت میں بہتری لانا صوبوں کی ذمے داری ہے، وفاقی وزیر   ,0
پاکستان سے دبئی یومیہ 5 تا 7 ہزارغیرقانونی ٹرانزیکشنز کا انکشاف,0
دلہن اپنی بارات  خود لے کردلہا کے ہال پہنچ گئی,6
کام مکمل کرنے پر ازخود تلف ہوجانے والے روبوٹس کی جانب اہم پیش رفت,4
ڈسٹری بیوٹرز سے ٹیکس وصولی، مینوفیکچررز پریشان ,0
اب ایئرپورٹ میں چیک اِن کا عمل صرف 15 سیکنڈز میں مکمل ہو گا,4
پلاسٹک روڈ اسفالٹ یا تارکول کے مقابلے میں کم لاگت کا حامل منصوبہ,4
اسپرین سرطان کے مرض میں مبتلا افراد میں موت کا خطرہ کم کردیتی ہے، تحقیق,2
سیلفی رِنگ آپ کی سیلفی کو بنائے مزید بہترین,4
سام سنگ جلد ہی فولڈ ہونے والا اسمارٹ فون متعارف کرانے کو تیار,4
اپوزیشن ملک کے معاشی حالت پر رحم کرتے ہوئے اسے 3 سال کیلئے سیاست سے الگ کردے، وزیر خزانہ,0
دنیا بھر کی چیونٹیوں اور انسانوں کا وزن برابر ہے، دلچسپ تحقیق میں دعویٰ ,6
بروکریج چھاپہ حصص مارکیٹ کے حواس پر طاری، مزید9.83 ارب روپے کا نقصان,0
پاکستان سارک انشورنس ریگولیٹرز فورم کا چیئرمین منتخب,0
سعودی دُلہا نے ’’ہنی مون‘‘ پر پستول ساتھ لے جانے پر دلہن کو طلاق دے دی,6
کراچی اسٹاک مارکیٹ میں ہر ہفتے نئے ریکارڈ کا سلسلہ جاری,0
سورج میں زمین سے 50 گنا بڑے سوراخ کا پتہ چلالیاگیا,4
ایف بی آرآڈٹ کیلئے ٹیکس گزاروں کا ای ڈیٹا اے جی پی کو دیگا ,0
خواتین اپنی زندگی کے 5 ماہ کپڑوں کے انتخاب میں لگا دیتی ہیں، تحقیق,6
اصلی چمگادڑ کی طرح پرواز کرنے والی روبوٹ چمگادڑ,4
سیاسی غیر یقینی، حصص مارکیٹ میں بڑے پیمانے پر فروخت ،212 پوائنٹس کم ہوگئے ,0
50سال کی عمر میں بھی جوان نظرآنے کے گھریلو نسخے,2
حصص مارکیٹ میں تیزی سے36000پوائنٹس کی حد بھی عبور,0
ایسا بستر نما لباس جسے پہن کر سویا بھی جاسکتا ہے,6
پاکستانی طالبعلموں نے نابینا افراد کیلئے الیکٹرانک کیپ تیار کرلی,4
سی پیک منصوبہ… خطے کے دیگر ممالک بھی فائدہ اٹھا سکیں!!,0
گیس لوڈشیڈنگ، صنعتکاروںنے قانونی کارروائی کاانتباہ دیدیا,0
پاور سیکٹر نے سرکلر ڈیٹ کم کرنے اور بحران پر قابو کیلیے تجاویز پیش کردیں  ,0
بھاری ٹیکسوں سے کمپیوٹر انڈسٹری تباہی کے دہانے پر پہنچ گئی ,0
انرجی ڈرنکس کے زیادہ استعمال سے ایک شخص برین ہیمرج کا شکار,2
انعامی رقم سے تنگ برطانوی لڑکی کا لاٹری کمپنی کیخلاف مقدمے کا فیصلہ,6
"سرچ انجن ""یاہو"" کے نام کی تبدیلی پرغور",4
کراچی اسٹاک مارکیٹ میں محدود پیمانے پر تیزی,0
وٹامن ڈی ؛ ہڈیوں اور پٹھوں کی مضبوطی کا ضامن,2
اے ڈی بی ٹیم کا سندھ سرمایہ کاری بورڈ کے دفتر کا دورہ,0
واٹس ایپ سروس کئی گھنٹوں تک معطل,4
ایل ای ڈی ٹی وی خریدتے وقت اِن 8 باتوں کا خیال رکھیے,4
تائیوان میں طویل ترین قوسِ قزح کا مشاہدہ,6
شہری گرمی میں باسی کھانوں سے گریز اور گھر کے مشروبات پئیں، ماہرین طب,2
بصارت کی کم زوری، وجوہات اور علامات,2
اسٹاک ایکسچینج میں شدید مندی، انڈیکس میں 1389 پوائنٹس کی کمی,0
پرانے ڈیزائن کے نوٹ یکم دسمبر2016 سے کارآمدنہیں رہیں گے,0
انگلی سے اپنے جسم پرتحریر کرنے والی برطانوی خاتون,6
14ملین ڈالر کا خرچ اورجیٹ طیارے میں 20 ممالک کا سفر,6
سام سنگ پاکستان نے کیو ایل ای ڈی ٹی وی مہم کا اعلان کر دیا,4
پاکستان میں غذائی قلت کے شکار بچوں میں امیجنگ کیپسول استعمال کیا جائے گا,2
اہل کراچی خبردار ہوجائیں,4
بھارت میں اب بارات تاخیر سے لانے پر جرمانہ ہوگا,6
 حاسد عاشق نے نہ صرف اپنے رقیب کو قتل کیا بلکہ اس کا دل بھی نکال کر چبا ڈالا,6
اب ٹوئٹر پر ویڈیوز شیئر کریں اور ڈالر کمائیں,4
سر کو کاٹے بغیر دماغ کی سرجری کیلیے نئی تکنیک متعارف    ,4
بھارت میں دریاؤں اور گلیشیئرز کو قانونی فرد کا درجہ مل گیا,6
آنکھوں کی خشکی اور سوزش کا علاج ’’فنگس‘‘ سے ممکن ہے، ماہرین,2
امریکا میں میرج انشورنس کمپنی کا شادی پر 10 ہزار ڈالر دینے کا اعلان,6
خیرات کرنے یا عزیزوں کو تحفے دینے سے بلڈ پریشرسمیت کئی امراض سے بچا جاسکتا ہے,2
انوکھا ہوٹل جہاں کھانا خریدنے کیلئے پیسے نہیں کچرا دینا پڑتا ہے,6
پاکستان میں 98 فیصد ڈاکٹرطبی غلطیاں کرتے ہیں، تحقیق,2
ایسی7 بیماریاں جن کا پتا سانس کی بوسے چل سکتا ہے,2
انسانوں کی طرح سیکھنے اور سمجھنے والی جدید مشین,4
ترکمانستان کے صدر کی دھن پر 4 ہزار افراد نے گانا گا کرعالمی ریکارڈ قائم کردیا,6
اسٹیم سیلز سے آنکھوں کے لینس تیار کرنے کا تجربہ کامیاب,4
ممنوعہ شہر ,6
دوری جدول ( periodic table ) کی ترتیب غلط ہے!  ,4
دنیا کے عجیب و غریب تہوار اور میلے,6
گرمی میں روزے دار بلا ضرورت دھوپ میں باہر نکلنے سے گریز کریں، ماہرین طب,2
کیلی فورنیا یونیورسٹی میں سیلفی کورس متعارف کرادیا گیا,6
آئندہ 10 سال میں نوٹوں کے ذریعے لین دین ختم ہوجائے گی، سروے,6
سحری میں نمک کازیادہ استعمال پیاس کی شدت بڑھا دیتا ہے،ماہرین,2
مقبوضہ کشمیر میں گائے کو امتحان دینے کے لئے باقاعدہ رول نمبر جاری,6
فیس بک پروفائل تصویر چرانا اب آسان نہیں,4
دبئی کے امیر شہری نے بیٹی کیلیے سونے کی سلائیڈبنانے کا آرڈر دے دیا,6
گھاس سے بنے شاہکار فن پارے,6
جلد کی دلکشی اور جسمانی طاقت کے لیے شہد کے حیرت انگیز فوائد,2
جاننا ضروری ہے؛ کچھ نکات، جو فیس بک کے یوزرز کو معلوم ہونا چاہیئں   ,4
پھیپھڑوں کے کینسر کے خلاف قوت مدافعت بڑھانے والی دوا تیار,2
اسپتالوں میں گندگی سے لاکھوں بچے موت کے منہ میں چلے جاتے ہیں، عالمی ادارہ صحت,2
نامعلوم ذرائع سے اربوں ڈالر کی آمد سے ترکی میں سنسنی پھیل گئی   ,6
دنیا کی پہلی اے ٹی ایم مشین کی 50 ویں سالگرہ,6
دادی اماں نے بڑھاپے میں باڈی بلڈر بننے کی ٹھان لی,6
یوکرائن کے سابق صدرنے اپنے محل پر2 ارب ڈالرزخرچ کرڈالے,6
آن لائن خریدی گئی سبز چائے نے لڑکی کو ہیپاٹائٹس میں مبتلا کردیا,2
موزمبیق کے ’’ ہیرو چوہے‘‘,6
ڈائنوسار کے پیر کا ڈھائی فٹ چوڑا نشان دریافت,6
برطانیہ میں ایک ہی پودے پرآلواوربینگن اگانے کا کامیاب تجربہ,6
2015 میں ایک کروڑ10لاکھ افراد ہیپا ٹائٹس کا شکار بنے، سینیٹ کمیٹی,2
کھجورکے وہ حیرت انگیزطبی فوائد جن سے ہم اب تک لاعلم تھے,2
موبائل گیم ’پوکی مون گو‘ نے ریلیز ہوتے ہی مقبولیت کے جھنڈے گاڑ دئیے,4
چینی خلائی تجربہ گاہ زمین کے مدار میں داخل ہوتے ہی ٹکڑے ٹکڑے ہوجائے گی,4
امریکا کے پہاڑوں میں پڑنے والی بڑی دراڑ نے سائنس دانوں کو حیرت میں ڈال دیا,4
سب سے عجیب و غریب جانور,6
امریکا میں سب سے زیادہ طبعی اموات یکم جنوری کو ہوتی ہیں، تحقیق,6
تخلیقی صلاحیت کسی کی میراث نہیں,4
سال 2016 تاریخ کا گرم ترین سال ثابت ہوسکتا ہے، ناسا,4
ٹی بی۔۔۔۔۔ ایک مہلک مرض ؛ 70000 پاکستانی ہر سال جان سے چلے جاتے ہیں,2
خوف سے نجات پائیے اور کامیاب ہو جائیے,2
مریخ پر اربوں سال پہلے بڑے سمندر کے وجود کے شواہد,4
اسمارٹ جیکٹ کے ذریعے اب ڈرون اپنے جسم سے اڑائیں,4
برطانیہ میں ایک سے زائد شادی کرنے والے مردوں کے لیے سہولتوں کا قانون,6
شادی کے روز ’ناگن ڈانس‘ دولہا کومہنگا پڑگیا,6
پانچ سال سے تکیے کا غلاف نہ دھونے والی خاتون کی پلکوں میں کیڑے پڑگئے,6
موت جنھیں چھو نہیں پاتی,6
صحت کے معاملے میں خواتین کی 10 سنگین غلطیاں,2
تائیوان میں 3 دن تک مسلسل انٹر نیٹ کیفے میں گیم کھیلنے والا شخص زندگی کی بازی ہار گیا,6
5 قیمتی کاریں 40 سال بعد گودام سے برآمد,6
پھل اورسبزیاں نفسیاتی صحت پر مثبت اثر ڈالتی ہیں، تحقیق,2
روزہ کینسر، امراض قلب اور بڑھاپے سے بچاتا ہے، امریکی ماہرین,2
اسٹیم سیلز کے ذریعے ٹوٹی ہوئی کھوپڑی کی دوبارہ افزائش ممکن ہے، ماہرین,2
امریکا میں 7 منزلہ باسکٹ شکل کی عمارت برائے فروخت,6
بیچ بوٹ، ساحل کی ریت پر دلکش فن پارے بنانے والا روبوٹ ,6
چلنے سے قاصر خاتون نے وھیل چیئر پر 500 میٹربلند پہاڑ عبور کرلیا,6
ممتاز سائنس دان اسٹیفن ہاکنگ کی انسان کی تباہی سے متعلق تحقیق,4
دنیا کی معمر ترین خاتون 117 برس کی ہوگئیں,6
شدید گرمی نے صدر ٹرمپ کا دماغ گھما دیا,4
ہفتے میں 150 کیلے کھا کر گزارا کرنے والا نوجوان,6
ٹی بی کے ایک لاکھ 21 ہزار مریض سالانہ علاج چھوڑ دیتے ہیں,2
موسمیاتی تبدیلیاں دماغی امراض میں اضافہ کرسکتی ہیں، رپورٹ,2
مصر میں آپریشن کے دوران سیلفی لینے پر ڈاکٹرسمیت عملہ معطل,6
سائنس بنی سرمائے کی باندی,4
ہفتے میں ایک بار ہوٹل کا کھانا کھانے سے ہائی بلڈپریشر کا خطرہ بڑھ جاتا ہے، تحقیق,2
گیارہ سالہ طالب علم کا کارنامہ، انسانی زندگیاں بچانے والی سادہ ڈیوائس تیار کرلی,6
انسانی خون کی منتقلی سے بوڑھے چوہے جوان ہوگئے,4
سرطان پر تحقیق خلا میں!,2
بواسیر کے تکلیف دہ اثرات کو کم کیا جا سکتا ہے!,2
اپنے جوتے گھر پر تیار کیجیے,6
امریکا کا ایسا ریسٹورینٹ جہاں رول کھا کر ہوٹل کا حصہ دار بنا جاسکتا ہے,6
رقص کرتے جانوروں نے وہ کردکھایا جو بظاہر ناممکن دکھائی دیتا ہے,6
ہری مرچ کے وہ فائدے جو آپ شائد نہیں جانتے!,2
ایئرمالٹا کا اپنے پائلٹ اور ایئرہوسٹس کو شادی کا انوکھا فضائی تحفہ,6
مصنوعی ذہانت ؛ اب الزائمرکوجلد پکڑنے میں مدد ملے گی,2
چینی سے چہرہ شاداب بنائیں,2
’’دوبارہ زندگی ملے تو مستری بننا پسندکروں گا‘‘,6
بزنس مین نے خود کو محفوظ کرنے کیلئے نوٹوں کی دیوار بنا لی,6
ڈیٹا سینٹرز کی زیرِ آب منتقلی,4
ماہرین صحت نے ’’ایبولا وائرس‘‘ کے بعد مزید 2 مہلک امراض پھیلنے کا خدشہ ظاہر کردیا,2
انڈونیشیا میں قبر سے مردوں کو نکال کر نئے کپڑے پہنانے کی عجیب رسم,6
بازو پرالٹراساؤنڈ لہریں شامل کرکے بلڈ پریشر کو کم کرنے کا کامیاب تجربہ,2
بیماریوں کو درستگی سے شناخت کرنے والا آلہ تیار,2
قدرت کاعطا کردہ عظیم غذائی تحفہ ’دودھ‘ جب سفید زہر بن جائے,2
کہیں آپ بھی تو اِن غذائی عادات کا شکار نہیں؟,2
اٹلی میں باپ کے نام پر ہی بچے کا خاندانی نام رکھنا غیرقانونی قرار,6
جنگ سے متاثرہ پناہ گزینوں کے لیے خصوصی اور جدید خیمہ ایجاد,4
امریکا میں اپنی مالکن کے ربربینڈ اور ہیئربینڈ کھانے والا کتا,6
سورج مکھی کے بیج میں کئی بیماریوں کا علاج موجود ہے، ماہرین ,2
زیتون کے پتوں اور تیل کے فوائد,2
خاتون نے جگرکا ٹکڑا عطیہ کرنے والے اجنبی شخص کو جیون ساتھی بنالیا,6
بسکٹ کھانے والے افراد یادداشت کے مسائل سے دوچارہوسکتے ہیں، تحقیق,4
جی 20 کانفرنس کے اسٹیج پر بلیوں کی کیٹ واک,6
بچوں کی نگہداشت کیسے کریں؟ والدین کے لیے رہنما تحریر,2
20 سال سے اپنی انتڑیاں شاپر میں لیکر پھرنے والی خاتون,6
جسم سے چھو کر بلب روشن کرنے والا حیرت انگیز بچہ,6
روزانہ 30 منٹ پیدل چلنے سے قبل ازوقت موت سے دور رہا جاسکتا ہے,2
تباہ شدہ عمارتوں کے ملبے تلے زندہ افراد کا پتہ لگانے والے روبوٹ لال بیگ تیار,6
ملک کی 33 فیصد بالغ آبادی موٹاپے کا شکار ہوگئی,4
دل کے مریضوں کے لیے دنیا کا سب سے چھوٹا ’’پیس میکر‘‘ ایجاد,2
دیر تک بیٹھے رہنے کی عادت حافظے کے لیے نقصان دہ,2
کیڑے کا نام ’’ڈونلڈ ٹرمپ‘‘ رکھ دیا گیا,6
لہسن کھا کر بینائی تیز کیجیے,2
فیس بک، مائیکروسافٹ، گوگل اور ٹوئٹرکا نفرت انگیز مواد کے خلاف کارروائی کا فیصلہ,4
دنیا کی امیر ترین  خواتین کے بارے میں چند دلچسپ حقائق ,6
امریکی لڑکی نے کوڑا کرکٹ سے فیشن ایبل لباس بنا لئے,6
چکنائی کے بغیر دودھ اور دلیا کا ناشتہ کرنے سے موٹاپا اور دل کی بیماریوں کاخطرہ کم ہوجاتا ہے ,6
صرف 800 روپے میں اپنا اے سی خود بنائیے,6
زہری اور مشتری کل ایک دوسرے کے پاس سے گزریں گے,4
گوشت تازہ ہے یا باسی؟ اب یہ اسمارٹ ڈیوائس آپ کو بتائے,4
شوٹر گیم سے دماغی چوٹ والے مریض زیادہ تیزی سے صحتیاب ہوسکتے ہیں,2
گندے پانی سے فصل اگانے والے ممالک میں پاکستان سرِ فہرست,4
ایک ایسا ٹیسٹ جو 13 سال قبل ہی کینسر کی بیماری سے آگاہ کردے گا,2
یونان کے بینکنگ سیکٹر میں کرپشن پر ہیکرز نے مرکزی بینک کی ویب سائٹ ہیک کرلی,6
وزن کم کرنے کے خواہش مند افراد ناشپاتی کو خوراک میں شامل کریں، ماہرین,2
شادی کیجیے اور لمبی عمر پایئے,2
بھارت نے خلائی تحقیق کے لیے تحقیقاتی لیبارٹری خلا میں روانہ کردی,4
پُراسرار بیماری ’ایکس‘ ڈبلیو ایچ او کی خطرناک بیماریوں کی فہرست میں شامل,2
تیل نکلنے سے پہلے اہل عرب سمندر سے موتی ڈھونڈتے تھے,6
پشاور میں 118 برسوں سے زنجیروں میں جکڑا درخت,6
جاپانی مافیا جس کا ہر رکن اپنی انگلی خود کاٹتا ہے,6
10 سال سے  روزانہ پتھر کھانے والا بھارتی شہری,6
دماغ کو تندرست وتوانا رکھیے,2
صرف 5 گھنٹے میں نیویارک سے اسلام آباد پہنچنے والا مسافر بردار طیارہ,4
پاکستانی سائنسدان واصف فاروق نے جرمنی میں ’’گرین ٹیلنٹس‘‘ ایوارڈ اپنے نام کرلیا,4
کرہ ارض کو بچانے کیلیے ایٹمی ہتھیار استعمال کیے جا سکتے ہیں، ناسا,4
ناسا نے دنیا بھر میں سمندروں کی سطح میں خطرناک حد تک اضافے سے خبردار کردیا,4
اٹلی کا ایسا گاؤں جہاں کے بہت سے مقامات انٹرنیٹ سروسز کے نام سے منسوب ہیں,6
کبھی نہ خراب ہونے والے واٹر پروف اسٹکی پیڈز,4
ناسا کے سیکڑوں جدید ترین سافٹ ویئر بالکل مفت!,4
نیند کی کمی کئی دماغی بیماریوں کا سبب بنتی ہے، تحقیق,4
کھوپڑی کی کھال سے گنج پن کا علاج دریافت,2
رات کو جلد سونے والے بچوں میں موٹاپے کے خدشات آدھے رہ جاتے ہیں، ماہرین,2
کویت میں دل کی شکل کا تربوزعوام کی توجہ کا مرکز بن گیا,6
روسی شخص نے ایک ماہ گاڑی میں سوکر کارپرخراشیں ڈالنے والے کو پکڑلیا,6
نئی دنیا ؛70میل فی گھنٹہ کی رفتار سے اُڑنے والا ڈرون,4
اپنے بالوں کے ساتھ یہ 5 چیزیں ہرگزنہ کیجیے ورنہ گنجے ہوجائیں گے,2
ڈارک ویب کے خلاف عالمی کریک ڈاؤن؛ دو بڑی کمپنیاں بند، لاکھوں ڈالر کرپٹو کرنسی ضبط,4
دنیا کے سب سے کم عمر مریض کے دونوں ہاتھوں کی پیوندکاری کا کامیاب تجربہ,2
دودھ کو 9 ہفتوں تک پھٹنے سے بچانے کا طریقہ,2
خطہ عرب میں 20 ہزارسال پہلے بھی انسانی آبادی موجود تھی، تحقیق,4
ترکی چاکلیٹ فیسٹیول میں ڈونلڈ ٹرمپ کا چاکلیٹی مجسمہ مقبول,6
کویت میں منشیات کا اسمگلرکبوترگرفتار,6
پہلی مرتبہ کسی جانور کے ہر دماغی خلیے کی سرگرمی ریکارڈ کرلی گئی,4
چین میں گھرگھرجاکرمریضوں کاعلاج کرنیوالے معذورڈاکٹرنےخدمت کی اعلیٰ مثال قائم کردی,6
واٹس ایپ ایک بار پھر ہیکرز کے نشانے پر,4
تنزانیہ سُورج مُکھی افراد( البائنوز) کے بعد عورتوں کی قتل گاہ بن گیا,2
انسان کی ہڈی سے بنا ساز,6
متحدہ عرب امارات میں بارش کیلئے بادلوں کو نچوڑنے کا فیصلہ,4
نئے ٹیسٹ کے ذریعے ایبولا کی تشخیص اب منٹوں میں ممکن,2
وائی فائی کے سگنل کی رفتار بڑھانے کے چند آسان طریقے,4
دھوپ سینکنے کے عمل سے ماں بننے کی صلاحیت میں اضافہ ہوتا ہے، ماہرین,2
"بیلجئم میں 10,000 انڈوں سے بنی آملیٹ منٹوں میں چٹ",6
باپ کے ساتھ رہنے والے بچے بہتر نشوونما پاتے ہیں,2
لیموں والا نیم گرم پانی نہار منہ پینے کے حیرت انگیز فائدے,2
صرف بیویاں ہی نہیں مرد بھی اپنی بیویوں کی بیماری کا باعث بنتے ہیں,2
بھارت میں اپنی عمر کے لحاظ سے دنیا کی سب سے وزنی بچی,6
میں ’لائک‘ کروں کہ نہ کروں۔۔۔؟,4
آپ کی تصاویرمیں سے بہترین تصویر منتخب کرنے والی ایپلی کیشن متعارف,4
بنائیے ایپلی کیشنز اور کمائیے پیسہ,4
گھانا میں 10 سال سے کام کرنے والا جعلی امریکی سفارت خانہ پکڑا گیا,6
اب وائرلیس کے ذریعے دوسرے فون کی بیٹری سے پاور لینا ممکن ہوگیا,4
کافی کینسر کی وجہ نہیں تاہم گرم مشروبات سے کینسر ہوسکتا ہے، عالمی ادارہ صحت,2
امریکا میں 10 لاکھ موتیوں سے مزین دنیا کا سب سے بڑا شادی کا لباس تیار,6
ڈولفن ریڈار سسٹم  ,4
خون کی رگوں کو جوان کرنے والا نایاب اینٹی آکسیڈنٹ دریافت,2
ایران میں رشتے کرانے کے لیے پہلی سرکاری ویب سائٹ لانچ,6
بناکر فقیروں کا ہم بھیس۔۔۔۔۔دنیا کے امیر بھکاری,6
چائے کا استعمال بزرگوں کو دماغی امراض سے بچاتا ہے، تحقیق,2
جلد سے زہر خارج کرنے والا دنیا کا زہریلا مینڈک,6
گوگل کے نئے ورژن میں صارفین کی شکایات کا ازالہ کردیا گیا,4
آلودہ ماحول اور اکتا دینے والی ملازمت یادداشت اور توجہ کو شدید متاثر کرسکتی ہے، تحقیق,2
’’ گھر کی صفائی ستھرائی  کیوں نہیں کرتیں؟‘‘,6
عاشق محبوبہ کو محبت کایقین دلاتے ٹرین کے آگے جاگرا,6
چھینک روکنے پر برطانوی شہری کے گلے کی نالی پھٹ گئی,6
افریقہ کے سمندر کی گہرائیوں میں پہلا ہوٹل تیار کرلیا گیا,6
دنیا کا سب سے بڑا ہوائی جہاز اُڑان بھرنے کو تیار,4
اچھی نیند کے لیے چند آسان ٹوٹکے,2
2017ء کے نوبل انعام,4
نوبل انعام یافتہ پاکستانی سائنسداں ڈاکٹرعبدالسلام,4
خون میں موجود پروٹین کی خرابی کے باعث پیدا ہونے والی بیماری,2
پیدائشی طور پر صحت مند بچے تعلیمی میدان میں نمایاں کارکردگی کا مظاہرہ کرتے ہیں، تحقیق,4
ملک میں ہر سال ہزاروں بچوں کی پیدائشی امراضِ قلب سے اموات,2
غذائیں جو دل کو صحت مند بناتی ہیں,2
وہمی ماں نے بلاوجہ تندرست بچے کے 13 آپریشن کروادیے ,6
عرب خاندان کیلئے قیمتی ہیروں سے سجا دنیا کا مہنگا ترین کیک تیار,6
سائیکل کوچوری سے بچانے کیلیے بدبودارگیس چھوڑنے والا لاک,6
مرد خواتین کے ساتھ زیادہ کھانا کھاتے ہیں، تحقیق,6
پڑھائی اور ورزش ساتھ ساتھ,2
پاکستان بھی رینسم ویئر وائرس حملے کی زد میں آگیا,4
صرف 15 سیکنڈ میں چارج ہوجانے والی الیکٹرک میٹرو بس,4
عجیب بیماری میں مبتلا روزانہ 200 گولیاں کھانے والے دو بھائی,4
کتیا نے مالک کو مرنے سے بچالیا,6
واٹس ایپ پر دوسروں کو بھیجے گئے میسیج کو ڈیلیٹ کرنا ممکن ہوگیا,4
کینسرکے علاج کے لیے خود کش جینز تھراپی تیکنیک متعارف,2
امریکا میں چور نے چوری سے پہلے ہی اپنا بھانڈا خود پھوڑ دیا,6
انٹارکٹیکا کبھی سبزے سے ڈھکا تھا,4
واٹس ایپ کے 10 ایسے خفیہ فیچرزجن سے ہم اب تک لا علم تھے,4
پاکستانیوں میں ہیئر ٹرانسپلانٹ کا رجحان تیزی سے بڑھ رہا ہے،  سروے,4
سائنسدانوں نے بھوک کنٹرول کرنے والا ہارمون دریافت کرلیا,2
نیوزی لینڈ کی 91 سالہ خاتون نے پل سے جمپ لگا کرلوگوں کوحیرت زدہ کردیا,6
ناقص غذا سے دنیا کی آدھی آبادی کی صحت کو خطرہ,2
پولیو وائرس سے کینسر کا علاج ممکن ہوگیا,2
دو ہزار روز سے روزانہ ڈزنی لینڈ جانے والا جنونی شخص,6
بے خوابی کے شکار افراد کو سُلانے والا جادوئی لوشن,2
خوراک میں سرخ گوشت کا استعمال چھاتی کے کینسرکے امکانات بڑھا دیتا ہے، تحقيق,4
پاکستانی ماہرِ قلب ڈاکٹر جعفر خان کے لیے اعلیٰ برطانوی ایوارڈ,2
الارم کی جگہ اب جاپانی مچھیرے آپ کو صبح جگائیں گے,6
اب پیاز کے ذریعے بال لمبے کریں,2
’’فوٹو اسکین‘‘ گوگل کی نئی ایپ سے اب اپنی پرنٹڈ تصاویر کو ہمیشہ کے لیے محفوظ کریں,4
گلوبل وارمنگ سے ملیریا کا خطرہ    ,4
پاکستان کی پہلی صحت موبائل ایپ ’’فائنڈمائی ڈاکٹر‘‘ شروع,2
انسانی جسم میں دواؤں کو اپنے مقام تک پہنچانے والی پہلی ’’نینو مچھلی‘‘ تیار,4
بارش کے قطرے پڑتے ہی شیشے جیسا شفاف ہوجانے والا عجیب پھول,6
خبردار! کافی کا استعمال بلڈ پریشر کے علاج میں رکاوٹ ڈال سکتا ہے,2
چکن گونیا کی وبا بے قابو، کراچی کے تمام سرکاری اسپتالوں میں ایمرجنسی نافذ,2
روبوٹک خلائی لینڈر نے دم دار ستارے کی سطح پراترکرنئی تاریخ رقم کردی,4
جاپان میں ایک مچھلی سوا 3 کروڑ روپے میں فروخت,6
کھانے کی وہ اشیاء جنہیں بغیر دھوئے ہرگز نہ کھائیں,2
فرانسیسی کمپنی نے چھوٹے کھلونا ڈرون متعارف کرا دیے ,6
پلوٹو کی سطح پرسیکڑوں میٹر بلند برفیلے مینار دریافت,4
کمپنیوں کو واٹس ایپ صارفین کے ذاتی ڈیٹا تک رسائی کی اجازت,4
یہ غذائیں کھائیے؛ کمزور بالوں اور گنج پن سے نجات پائیے,2
کھانے میں کیلوریزکم کرنے والی پلیٹ تیار,2
دل کے مریضوں کو ہارٹ فیل سے بچانے والا ننھا پیراشوٹ تیار,2
ذہنی دباؤ کے شکارافراد میں جگرکی بیماریوں سے مرنےکا خطرہ زیادہ ہوسکتا ہے، تحقیق,2
ہلدی کے ناقابلِ یقین اور حیرت انگیز فوائد,2
تیزی سے کٹتے جنگلات؛ پاکستان ماحولیاتی تنزلی کا شکار ہونے کو ہے,4
گیجٹس کے دور میں ادب,4
تھر پارکر اور عمر کوٹ کی غریب حاملہ خواتین کو ماہانہ 1500 روپے دینے کا فیصلہ,2
اسمارٹ کی چین,4
10 ڈگری تک درجہ حرارت کم کرنے والا پلاسٹک تیار,4
کریڈٹ کارڈ جتنا مکمل کمپیوٹر,4
بلیک ہولز کا پردہ اٹھنے کو ہے ؛ کائنات کے اس راز کی تحقیق میں پیش قدمی,4
آئی فون استعمال کرنے والے ایک بار پھر ہیکرز کے نشانے پر,4
چہروں پر کیل مہاسوں اور آدھے سر کے درد سے نجات کیلیے آسان گھریلو نسخے,2
کراچی کے شہریوں کو بغیر کلورین ملا پانی فراہم کیا جانے لگا، اموات کا خدشہ,2
سر کے شدید درد میں آرام دینے والی ٹافی تیار,2
دولت کی غیر منصفانہ تقسیم دنیا کو تباہ کردے گی، ماہر طبعیات اسٹیفن ہاکنگ,4
خواتین پرحاکم بننے والے مرد ذہنی مریض ہوسکتے ہیں، تحقیق,2
دنیا کا سب سے چھوٹا انجن بنالیا گیا,4
صفائی کیلئے استعمال ہونے والا بلیچ بچوں کی صحت پر اثر انداز ہوتا ہے، تحقیق,2
چکن گنیا کے ممکنہ حملے سے 2006 میں ہی خبردار کردیا تھا، پروفیسر ڈاکٹر امتیاز,2
دودھ نہ پلانے والی ماؤں میں کینسر کا خطرہ بڑھ جاتا ہے,2
دوری جدول میں شامل 4 نئے عناصر کے نام رکھ دیئے گئے,4
واٹس ایپ نے صارفین کے لیے ایک اور مفید فیچر متعارف کرادیا,4
ایک انجکشن سے درجنوں دوائیں ایک ساتھ دی جاسکیں گی,2
بچوں کے کمروں میں ٹی وی اور ویڈیو گیم نہ رکھئے,2
سمندروں میں آکسیجن کی کمی کا ذمہ دار کون؟,4
آرکٹک سمندرمیں برف کم ہونے سے 80 ہزارسے زائد بارہ سنگھے ہلاک,4
آنتوں اور پیٹ کے بیکٹیریا سے اب دماغی امراض کا علاج ممکن,2
سطح آب پر چلنے والا روبوٹ تیار,4
کون بنے گا زمین کا محافظ؟ ناسا نے درخواستیں مانگ لیں,4
بلوچستان کے مختلف اضلاع میں خسرہ کی وبا سے 9 بچے جاں بحق,2
ملک کاہردسواں فردہیپا ٹائٹس اے میں مبتلا ہے،ماہرین طب,2
ذیابیطس سے کیسے بچا جائے؟,2
آسٹیوپوروسس  ,4
بچوں میں پانی کی کمی نوٹ کرنے والا نیا مؤثر طریقہ,2
امریکا میں تھری ڈی مشین سے تیار کی گئی دوا کے استعمال کی منظوری دیدی گئی,2
سرد ہوا میں ناک کیوں بہنے لگتی ہے؟,2
سمندر میں پلاسٹک کا کچرا برفانی آرکٹک میں جمع ہورہا ہے,4
گیم اینڈ واچ کا فل اسکرین ورژن مقبول ہوگیا,4
فیس بک کے بھی کچھ تقاضے ہیں,4
حیاتِ جاودانی پانے کی خواہش!  ,4
واٹس ایپ گروپ ایڈمنسٹریٹرزکے لیے نئے فیچرز,4
بدنامی کے خوف سے تیسری جنس کے افراد اپنا علاج کرانے سے بھی کتراتے ہیں، رپورٹ,2
موسم سرما کی روایتی بیماریوں سے بچنے کے لئے کیا کھائیں؟,2
ایموجیز نے خواتین کے من کی مراد کو سمجھنا آسان بنا دیا,2
آنکھوں کے سیاہ حلقے دور کرنے اور چہرے کو خوبصورت بنانے کے آسان نسخے,2
ہیضہ ہماری آنتوں کا محافظ,2
صرف 5 سیکنڈ میں ملیریا کی تشخیص کرنے والی ڈیوائس تیار,2
