,gpt
81,W کا مطلب ولفورڈ ہے۔ W. Rex Black نامی شخص کا پورا نام ولفورں ریکس بلیک تھا۔
413,"ہرشد مہتا گھوٹالہ 1992 میں پیش آیا جب ہرشد مہتا نے بھارتی بینکوں کے ساتھ مل کر سٹاک مارکیٹ میں خورد برد کی۔ ہرشد مہتا نے ایک سرکاری پالیسی کا فائدہ اٹھایا جس میں بینک بانڈز کے ذریعے فنڈز کو منتقل کرنے کی اجازت تھی۔ اس پالیسی کو استعمال کرکے، انہوں نے بینک سے بڑی مقدار میں پیسے حاصل کئے اور انہیں سٹاک مارکیٹ میں انویسٹ کیا جس سے انہوں نے ناجائز طریقے سے بھاری منافع کمایا۔

مہتا نے کئی بینکوں کے بینک ریسیپٹس (BRs) کا استعمال کرتے ہوئے جعلی بانڈز تخلیق کئے اور انہیں مارکیٹ میں فروخت کیا۔ جب مارکیٹ میں اس فراڈ کا انکشاف ہوا تو سٹاک مارکیٹ کریش کر گئی اور بہت سے لوگوں کی بچت ضائع ہو گئی۔ اس گھوٹالے کی وجہ سے بہت سے بینکوں اور مالیاتی اداروں کو نقصان ہوا اور بھارتی مالیاتی نظام پر بھی بدنما داغ لگا۔

ہرشد مہتا کو 1992 میں گرفتار کیا گیا اور ان پر کئی مقدمات چلائے گئے۔ 2001 میں ان کی موت ہو گئی، مگر ان کا یہ گھوٹالہ بھارتی مالیاتی تاریخ میں ایک سیاہ باب کے طور پر یاد کیا جاتا ہے۔"
583,"ہندوستان میں اسٹارٹ اپس کا منظرنامہ تیزی سے بدل رہا ہے اور کئی نئی کمپنیاں ابھر کر سامنے آ رہی ھیں۔ یہاں پانچ سب سے بڑے اسٹارٹ اپس کی فہرست دی گئی ہے جو ہندوستانی مارکیٹ میں نمایاں ہوئے ہیں:

1. **Flipkart**: ای کامرس کی دنیا میں فلپکارٹ ایک بہت بڑا نام ہے، جو کہ بنگلورو میں قائم ہے۔ یہ اسٹارٹ اپ 2007 میں شروع ہوا تھا اور مختلف قسم کی پراڈکٹس فروخت کرتا ہے۔

2. **OYO Rooms**: OYO Rooms ہوٹلوں اور لاجنگ کی سہولیات فراہم کرتا ہے۔ یہ اسٹارٹ اپ ریتیش آگرول نے 2013 میں شروع کیا تھا اور یہ آج ہوٹل انڈسٹری میں ایک مشہور نام ہے۔

3. **Paytm**: پے ٹی ایم ایک ڈیجیٹل پیمنٹ سسٹم ہے جو کہ موبائل ریچارج، بلیں ادائیگی، ٹکٹ بکنگ وغیرہ کے لیے استعمال ہوتا ہے۔ یہ کمپنی 2010 میں شروع ہوئی تھی اور اب یہ بھارت کی سب سے بڑی موبائل پیمنٹ اور ای کامرس پلیٹ فارمز میں شمار ہوتی ہے۔

4. **Byju's**: بائیجو کا بچوں کے تعلیمی ماڈیولز پر مبنی ایک ایپلیکیشن ہے۔ یہ اسٹارٹ اپ 2011 میں شروع ہوا تھا اور اب مختلف عمر کے طلبہ کے لیے تعلیمی مواد فراہم کرتا ہے۔

5. **Swiggy**: سویگی ایک فوڈ ڈیلیوری سروس ہے جو کہ گھریلو سطح پر کھانے کی ڈیلیوری کرتی ہے۔ یہ اسٹارٹ اپ 2014 میں شروع ہوا اور آج اس کی مقبولیت بہت زیادہ ہے۔

یہ فہرست ہندوستان میں سب سے معروف اور سب سے زیادہ اثرانداز اسٹارٹ اپس کی ہے۔ ان کی کامیابیاں نے باقی اسٹارٹ اپس کے لیے ایک خاص مثال قائم کی ہے۔"
137,"1. موبائل فون
2. لیپ ٹاپ
3. ہیڈ فونز
4. ٹیبلیٹ
5. سمارٹ واچ
6. کیمرا
7. پاور بینک
8. چارجر"
470,آپ کے پاس کل 12 پھل ہیں۔
699,جین نے خاموشی سے دروازہ کھولا۔
995,اس اقتباس میں للی نامی کردار کا ذکر ہے جو کسی بیڈ پر بیٹھی ہوئی ہے اور وہ شہر کے آسمان کو دیکھ رہی ہے۔ یہ منظر غروبِ آفتاب کا ہے جہاں سورج غروب ہو رہا ہے اور آسمان گہرے شاہی نیلے رنگ کا ہو رہا ہے، ساتھ ہی آسمان میں گلابی اور نارنجی رنگ کی لکیریں بھی نظر آ رہی ہیں۔ یہ منظر للی کے جذباتی کیفیت اور اس وقت کی حالت کو ظاہر کر رہا ہو سکتا ہے، جیسے کہ وہ شاید کسی گہرے سوچ میں ڈوبی ہوئی ہو یا پھر کسی پر سکون لمحے کو محسوس کر رہی ہو۔ یہ ایک پس منظری تصویر کشی کرتا ہے جو قاری کو للی کی اندرونی کیفیت اور اس کے ماحول کے بارے میں مزید شناسائی فراہم کرتا ہے।
87,"پانی کی فلورائیڈیشن ایک صحت عامہ کا طریقہ کار ہے جس میں پینے کے پانی میں فلورائیڈ شامل کی جاتی ہے تاکہ دانتوں کی گہاوں (Cavities) کی روک تھام ممکن ہو سکے۔ یہ طریقہ خاص طور پر ان علاقوں میں مفید ہوتا ہے جہاں لوگوں کی غذاوں میں فلورائیڈ کی کمی ہوتی ہے۔

فلورائیڈ پانی میں ایک معینہ مقدار میں شامل کی جاتی ہے، جو کہ عام طور پر 0.5 سے 1.5 mg/L (ملیگرام فی لیٹر) کے درمیان ہوتی ہے۔ اس کا مقصد دانتوں کی سطحوں کو مضبوط بنانا اور گہاوں کی ترقی کو روکنا ہوتا ہے۔

فلورائیڈ پینے کا پانی، کمیونیکی علاقائی حفظان صحت کی کوششوں کا ایک اہم جزو ہے اور بین الاقوامی تنظیموڞ، جیسے کہ ورلڈ ہیلتھ آرگنائزیشن (WHO) اور مختلف دانتوں کی تنظیموں، کے ذریعہ بھی سپورٹ کی جاتی ہیں جن کا ماننا ہے کہ یہ کم خرچ بھی ہے اور اسکے مثبت فائدے بھی پائے ہیں۔ دانتو manufacturers کی سڑن کو کم کرنے میں یہ طریقہ کافی موثر ثابت ہوا ہے، خاص طور پر بچوں میں۔

تاہم، فلورائیڈ کے ساتھ کچھ مخصوص ضمنی اثرات بھی وابستہ ہیں، جیسے کہ دانتوں کا فلوروسس، جو کہ دانتوں کی رنگت میں ہلکے تبدیلیاں لا سکتا ہے۔ لہذا، فلورائیڈ کی مقدار کو بغور منظم کرنا ضروری ہوتا ہے تاکہ صحت پر کسی قسم کا منفی اثر نہ پڑے۔

اور بھی بہت سے ممالک ہیں جو پانی میں فلورائیڈیشن کی مخالفت کرتے ہیں، جیسے یورپ کے بیشتر ممالک جہاں دیگر طریقوں سے ڈینٹل ہائیجین کو بڑھاوا دیا جاتا ہے، مثلاََ دودھ اور نمک میں فلورائیڈیشن۔ اس کے علاوہ, کچھ تنظیمیں ہیں جو فلورائیڈ سے متعلق خطرات کی تحقیقات بھی کر رہی ہیں۔"
759,مجھے ٹھنڈا موسم زیادہ پسند ہے۔
51,"پیزا بنانے کے لیے عموماً درج ذیل اجزاء درکار ہوتی ہیں:

1. **آٹا** - پیزا کا بیس بنانے کے لیے میدہ، خمیر، نمک، چینی، زیتون کا تیل اور پانی استعمال ہوتا ہے.
2. **پیزا ساس** - ٹماٹر پیوری، لہسن، نمک، کالی مرچ، اور دیگر مصالحہ جات.
3. **پنیر** - موزاریلا پنیر سب سے زیادہ استعمال ہوتا ہے، لیکن چیڈر یا پیرمیزان کا استعمال بھی ہو سکتا ہے.
4. **ٹاپنگز** - مرغی کا گوشت، بیف، سوسیج، پیپرونی، مشروم، پیاز، شملہ مرچ، زیتون، ٹماٹر، اور دیگر سبزیاں.
5. **جڑی بوٹیاں** - اوریگانو، تھائم، روزمیری وغیرہ.

یہ اجزاء پیزا کے مختلف قسموں پر منحصر کرتے ہوئے تبدیل ہو سکتے ہیں، لیکن عموماً ان اجزاء کو پیزا بنان۸ میں استعمال کیا جاتا ہے."
864,"آپ نے جو ""X کی انواع اور پرجاتی"" کے بارے میں سوال فرمایا ہے، اس کے جواب میں آپ کو وضاحت کی ضرورت ہے کہ ""X"" کیا ہے۔ یہاں ""X"" کسی بھی چیز کا استعارہ ہو سکتا ہے، مثلاً کوئی جانور، پودا یا کسی دوسری چیز کی قسم ہو سکتی ہے۔ برائے مہربانی مزید تفصیلات فراہم کریں، تاکہ میں آپ کو مزید مناسب اور مفصل جواب دے سکوں۔"
490,دنیا کے سب سے بڑے ملک کے زمینی رقبے کے لحاظ سے روس ہے۔
134,"لہریں، خاموش سمندر،
گہرائیاں بلاتی ہیں،
راز چھپے."
194,"خوش کے مترادفات درج ذیل ہیں:
1. مسرور
2. شاد
3. خرم
4. خوشحال
5. مبارک"
78,تجربہ کسی خاص کام، موقع، یا مشاہدے سے حاصل ہونے والی عملی علم یا مہارت کو کہتے ہیں۔ یہ اکثر اس وقت استعمال ہوتا ہے جب کوئی شخص کسی خاص فیلڈ میں کام کرنے کی صلاحیت رکھتا ہو یا کسی خاص صورت حال کو سمجھنے کی قابلیت حاصل ہو۔ تجربہ انسانی سیکھنے کے لئے بہت اہم ہوتا ہے اور یہ وقت کے ساتھ ترقی پذیر ہوتا ہے۔
386,"امریکہ میں ریاستی ٹیکس کے بغیر منتقل ہونے کے لئے کچھ ریاستیں خاص طور پر مقبول ہیں جہاں سے آپ مختلف شہروں کا انتخاب کر سکتے ہیں. تین اچھے شہر جو ریاستی ٹیکس نہ ہونے کی صورت میں مفید ثابت ہو سکتے ہیں وہ یہ ہیں:

1. **نیشویل، ٹینیسی** - ٹینیسی میں ریاستی آمدنی ٹیکس نہیں ہے، اور نیشویل ایک ترقی پذیر میٹروپولیٹن شہر ہے جس میں موسیقی، تعلیم، اور ہیلتھ کیئر کے شعبے مضبوط ہیں.

2. **اوسٹن، ٹیکساس** - ٹیکساس بھی ریاستی آمدنی ٹیکس سے پاک ہے. اوسٹن خاص طور پر ٹیکنالوجی اور موسیقی کے شعبے میں مشہور ہے، اور اس کی اقتصادی صورتحال بھی مضبوط ہے.

3. **میامی، فلوریڈا** - فلوریڈا میں بھی ریاستی آمدنی ٹیکس نہیں ہے. میامی اپنے خوبصورت ساحل، ثقافتی تنوع اور بزنس فرینڈلی ماحول کی وجہ سے مشہور ہے.

یہ شہر نہ صرف ٹیکس کی بچت کے لحاظ سے فائدہ مند ہیں بلکہ زندگی کے دوسرے شعبوں میں بھی کافی سہولیات فراہم کرتے ہیں."
829,"فلم ""کاسابلانکا"" جو کہ 1942 میں ریلیز ہوئی، ایک رومانٹک ڈراما فلم ہے جس کی کہانی دوسری جنگ عظیم کے دوران مراکش کے شہر کاسابلانکا میں سیٹ ہے۔ اس فلم کے مرکزی کردار رک بلینے ہیں، جو کہ ایک امریکی جلاوطن ہے اور کاسابلانکا میں ایک نائٹ کلب کا مالک ہے۔ کہانی اس وقت دلچسپ ہو جاتی ہے جب رک کی پرانی محبت ایلسا لونڈ کلب میں آتی ہے اپنے مزاحمتی رہنما شوہر، وکٹر لاسلو کے ساتھ، جو نازیوں سے فرار ہو کر امریکہ جانے کی کوشش میں ہیں۔ 

ایلسا اور رک کے درمیان ماضی کی محبت کی یادیں تازہ ہوتی ہیں اور دونوں کے درمیان پھر سے جذبات بھڑک اٹھتے ہیں۔ تاہم، یہ دونوں جلد ہی انکشاف کرتے ہیں کہ ان کے اپنے اپنے مسائل ہیں جو انہیں ایک ساتھ رہنے سے روکتے ہیں۔ رک کو اپنی پرانی محبت اور موجودہ مقاصد میں سے ایک کو چننا پڑتا ہے۔ 

آخر میں، رک اور ایلسا نے فیصلہ کیا کہ وہ آپس میں محبت تو کرتے ہیں لیکن ایلسا کو اپنے شوہر کے ساتھ جانا چاہئیے تاکہ وہ مزاحمت جاری رکھ سکے۔ رک، ایلسا اور وکٹر کو فرار ہونے میں مدد کرتا ہے۔ کاسابلانکا کی کہانی ایک بڑے قربانی کی مثال پیش کرتی ہے اور یہ ظاہر کرتی ہے کہ کیسے کبھی کبھی کسی بڑے مقصد کے لئے پرسنل خواہشات کو قربان کرنا پڑتا ہے۔"
390,انسان کی پیدائشی خواہش ہوتی ہے کہ وہ خوش رہے اور اپنی زندگی میں ترقی کرے۔
847,"کلاؤڈ کمپیوٹنگ کے تین اہم فوائد یہ ہیں:

1. **لچکدار اسکیلابلٹی**: کلاؤڈ کمپیوٹنگ صارفین کو اُن کی ضروریات کے مطابق وسائل کو بڑھانے یا کم کرنے کی اجازت دیتی ہے۔ اس سے کمپنیاں اپنے استعمال کے مطابق سرورز اور اسٹوریج کی صلاحیتوں کو ایڈجسٹ کر سکتی ہیں۔

2. **بجٹ کی بچت اور کم لاگت**: ہارڈویئر کی خریداری، مینٹیننس اور اپ ڈیٹس کی متعدد ضروریات کو ختم کر کے کلاؤڈ کمپیوٹنگ لاگت کو کم کرتی ہے۔ جب آپ کلاؤڈ استعمال کرتے ہیں، تو آپ صرف اُن سروسز کے لیے ادائیگی کرتے ہیں جو آپ استعمال کر رہے ہوتے ہیں۔

3. **آسان تک رسائی اور 24/7 دستیابی**: آپ جہاں بھی ہوں، اگر انٹرنیٹ موجود ہو تو کلاؤڈ سروسز کو استعمال کرنا ممکن ہے۔ یہ خصوصیت عملے کو کہیں سے بھی کام کرنے کی سہولت فراہم کرتی ہے اور تنظیمی کارکردگی کو بہتر بناتی ہے۔"
741,"فضائی آلودگی بنیادی طور پر دو قسموں میں بٹی ہوئی ہے: ذراتی آلودگی (Particulate matter) اور گیسی آلودگی (Gaseous pollution).

1. **ذراتی آلودگی:**
   ذراتی آلودگی میں مختلف قسم کے جامد اور رواں ذرات شامل ہوتے ہیں جو ہوا میں موجود ہوتے ہیں، جیسے دھول، راکھ، گرد و غبار اور دیگر چھوٹے ذرات۔ یہ ذرات سانس کے ساتھ ہمارے پھیپھڑوں میں داخل ہو سکتے ہیں اور سانس کی مختلف بیماریاں جیسے کہ آسما، دمہ، اور دیگر سانس سے متعلقہ مسائل پیدا کر سکتے ہیں۔ ان ذرات کا حجم چھوٹا ہوتا ہے تو انہیں نقصاندہ مانا جاتا ہے کیونکہ وہ آسانی سے پھیپھڑوں تک پہنچ جاتے ہیں۔

2. **گیسی آلودگی:**
   گیسی آلودگی میں نائٹروجن آکسائیڈز، سلفر ڈائی آکسائیڈ، کاربن مونو آکسائیڈ اور اوزون شامل ہیں۔ یہ گیسیں مختلف طرح سے ہوا کی کوالٹی کو خراب کرتی ہیں اور انسانی صحت پر مختلف طرح سے منفی اثرات ڈال سکتی ہیں۔ مثلاً، کاربن مونو آکسائیڈ سے خون میں آکسیجن کی سطح کم ہو سکتی ہے جو کہ سانس کی بیماریوں، دل کے مسائل اور دماغ کی خرابی کا باعث بن سکتی ہے۔ سلفر ڈائی آکسائیڈ اور نائٹروجن آکسائیڈز سے سانس کے مسائل، دل کی بیماریوں اور دیگر صحت سے متعلق مسائل پیدا ہو سکتے ہیں۔

لہذا، فضائی آلودگی کی یہ دونوں اقسام ہی انسانی صحت کے لیے خطرناک ہیں اور ان سے بچاؤ کی سختی سے ضرورت ہوتی ہے۔"
11,"Uber اور Airbnb دونوں نے جدید ٹیکنالوجی کے استعمال سے چلنے والے بزنس ماڈل پیش کئے ہیں جو کہ معیشت پر مثبت اثرات ڈالتے ہیڏ ہیں۔

Uber نے ٹرانسپورٹیشن کے شعبے میں انقلاب برپا کر دیا ہے۔ اس کی اہم خصوصیت یہ ہے کہ یہ لوگوں کو گاڑی چلانے کے لئے ایک آسان، محفوظ اور قابل اعتماد پلیٹفارم فراہم کرتا ہے۔ Uber کے ذریعے لوگ آسانی سے کہیں بھی جا سکتے ہیں اور اس نے بہت سے لوگوں کو ڈرائیونگ کے ذریعے اپنی آمدنی کا ذریعہ بنانے میں مدد کی ہے۔ اس سے نہ صرف روزگار کے مواقع پیدا ہوئے ہیں بلکہ ٹریفک اور زحم کم ہونے کا بھی امکان رہتا ہے۔ 

Airbnb نے مہمانداری کی صنعت میں تبدیلی لائی ہے۔ یہ پلیٹفارم لوگوں کو اپنے خالی گھروں، کمروں یا پراپرٹی کو مختصر مدت کے لئے کرایہ پر دینے کا موقع دیتا ہے، جس سے پراپرٹی مالکان کو آمدنی کا اضافی ذریعہ ملتا ہے۔ اس کے ذریعے مسافروں کو سستے میں رہائش مل جاتی ہے اور یہ مقامی معیشتوں کو بھی فائدہ پہنچاتا ہے کیونکہ مسافر مقامی کاروباروں میں خرچ کرتے ہیں۔

دونوں اسٹارٹ اپس نے معیشتوں میں جدت اور پھیلاؤ کی سہولت مہیا کرکے نا صرف نئے روزگار کے مواقع پیدا کئے ہیں بلکہ صارفین کو زیادہ بہتر اور موثر خدمات فرا۹م کر رہے ہیں۔ ان کا اثر محض فردی صارفین یا روزگار دینے والے تک محدود نہیں بلکہ وہ بڑے پیمانے پر معیشتوڔ کی نشونما میں معاون ثابت ہو رہے ہیں۔"
821,کمپنی تیزی سے ترقی کر رہی ہے جیسے کہ راکٹ آسمان کی طرف اڑ رہا ہو۔
777,"کیفین ایک محرک ہے جو زیادہ تر لوگ چائے، کافی، اور مختلف مشروبات میں استعمال کرتے ہیں۔ جسم پر اس کے متعدد اثرات ہو سکتے ہیں:

1. **برقراری طاقت** - کیفین دماغ میں ایڈینوزائن کے ریسیپٹرز کو بلاک کرتا ہے، جس سے تھکاوٹ محسوس ہونے میں تاخیر ہوتی ہے اور آپ زیادہ چوکس اور بیدار رہتے ہیں۔

2. **دل کی دھڑکن میں اضافہ** - کیفین ہارٹ ریٹ کو تیز کر سکتا ہے، جس کی وجہ سے کچھ لوگوں کو دل کی دھڑکن محسوس ہوتی ہے۔

3. **فشار خون میں اضافہ** - عارضی طور پر بلڈ پریشر میں اضافہ ہو سکتا ہے اگرچہ یہ اثر عام طور پر وقت کے ساتھ کم ہو جاتا ہے جیسے جیسے جسم کیفین کا عادی ہو جاتا ہے۔

4. **ہاضمہ** - کیفین ہاضمہ کی تیز رفتار میں اضافہ کر سکتا ہے اور بعض اوقات اسہال کا سبب بھی بن سکتا ہے۔

5. **گھبراہٹ اور اضطراب** - زیادہ مقدار میں کیفین کا استعمال کرنے سے چھٹپٹاہٹ، گھبراہٹ اور اضطراب کے احساسات ہو سکتے ہیں۔

6. **نیند میں خلل** - کیفین کا استعمال شام کے وقت یا سونے سے قریب کیا جائے تو اس سے نیند میں خلل پڑ سکتا ہے اور نیند کی کیفیت خراب ہو سکتی ہے۔

ہر شخص کیفین کا ردعمل مختلف طور پر دیتا ہے، لہذا اس کے استعمال کے اثرات مختلف ہو سکتے ہیں۔"
875,"کسی دوست کی سالگرہ کے لیے تحفہ منتخب کرتے وقت ان کی دلچسپیوں اور شوق کا خیال رکھنا ضروری ہوتا ہے۔ مندرجہ ذیل کچھ تجاویز ہیں جو آپ کے لئے مفید ہو سکتی ہیں:

1. **کتابیں:** اگر آپکا دوست کتابیں پڑھنے کا شوق رکھتا ہے تو اس کی پسندیدہ مصنف کی کوئی کتاب بہترین تحفہ ہو سکتی ہے۔

2. **گھڑی:** خوبصورت اور عملی، گھڑی ہمیشہ ایک شاندار تحفہ ہوتی ہے اور یہ کسی بھی وقت دینے کے لئے مناسب ہوتی ہے۔

3. **خوشبو:** آپ اپنے دوست کے لئے اچھی خوشبو کا انتخاب کر سکتے ہیں جو اسے یقیناً پسند آئے گی۔

4. **ذاتی نوعیت کی چیزیں:** جیسے کہ پرسنلائزڈ مگ، تصویر کا فریم جس میڂ آپ دونوں کی یادگار تصویر ہو، یہ بھی محبت بھرا تحفہ ہوتا ہے۔

5. **اسپورٹس ایکوپمنٹ:** اگر آپ کا دوست کھیلوں میں دلچسپی رکھتا ہے تو خاص کھیل کے سامان یا اسپورٹس کی کٹ ہدیہ کرنا بھی اچھا خیال ہو سکتا ہے۔

6. **کانسرٹ یا مووی ٹکٹس:** اگر آپکا دوست موسیقی یا فلموں کا شوقین ہے، تو انہیں انکی پسندیدہ کانسرٹ یا مووی کے ٹکٹ تحفہ دینے سے ان کا دن خاص بن سکتا ہے۔

یہ تجاویز آپکے دوست کے لیے سالگرہ کے دن کو خاص بنانے میں مددگار ہو سکتی ہیں۔"
430,"ٹیسلا، انکارپوریٹڈ ایک امریکی ملٹی نیشنل کمپنی ہے جو خاص طور پر الیکٹرک گاڑیاں، بیٹری انرجی اسٹوریج سسٹمز، اور صاف توانائی کی پیداوار میں مصروف ہے۔ کمپنی کے بانی ایلون مسک ہیں، جنہوں نے 2003 میں ٹیسلا کی بنیاد رکھی۔ ٹیسلا کا مرکزی دفتر پالو الٹو، کیلیفورنیا میں واقع ہے۔

ٹیسلا کو خاص طور پر اس کی الیکٹرک گاڑیوں جیسے کہ ٹیسلا روڈسٹر، ماڈل S، ماڈل X، ماڈل 3، اور ماڈل Y کیلئے جانا جاتا ہے۔ کمپنی نے الیکٹرک وہیکل ٹیکنالوجی میں انقلاب برپا کر دیا ہے اور پیٹرول و ڈیزل گاڑیوں کے متبادل کے طور پر ان کی مقبولیت بڑھ رہی ہے۔

ٹیسلا نہ صرف گاڑیاں بناتی ہے بلکہ گاڑیوں کے لیے ضروری بیٹری سسٹمز اور سولر انرجی پروڈکٹس جیسے سولر پینلز اور سولر روف پروڈکٹس بھی تیار کرتی ہے۔ اس کے علاوہ، ٹیسلا انرجی سٹوریج سسٹمز جیسے کہ Powerwall، Powerpack، اور Megapack بھی فراہم کرتی ہے، جو بڑے پیمانے پر انرجی اسٹوریج کا حل پیش کرتے ہیں۔

ٹیسلا کی مارکیٹ کیپٹلائزیشن اور شیئرز کی قیمت میں اتار چڑھاؤ اکثر خبروں کا موضوع بنتی رہتی ہے۔ کمپنی نے ٹیکنالوجی اور انوویشن کے میدان میں بہت سے ایوارڈز اور اعزازات حاصل کیے ہیں۔

ٹیسلا کی کامیابیوں کے ساتھ ساتھ، کمپنی مختلف قسم کے چیلنجز کا بھی سامنا کرتی ہے، جیسے کہ پیداواری مسائل، ہائی کوالیتی کنٹرول مسائل، اور مارکیٹ کی مسابقت میں برقرار رہنے کے لئے دوسرے فیکٹرز۔ بہرحال، ٹیسلا نے اپنی مصنوعات اور ٹیکنالوجیز کے ذریعے جدیدیت کی نئی راہیں متعارف کروائی ہیں، جو اسے اپنے شعبے میں ایک ممتاز مقام دلاتے ہیں۔"
848,"1. آپ کے خیال میں متبادل ایندھن کے استعمال سے ماحولیات پر کیا مثبت اثرات مرتب ہو سکتے ہیں؟
2. پاکستان میں متبادل ایندھن کی ترقی اور استعمال میں کیا بڑی رکاوٹیں ہیں؟
3. آپ کے نزدیک کونسے متبادل ایندھن کی تیکنالوجی موجودہ وقت میں سب سے زیادہ فائدہ مند ہے اور کیوں؟"
521,"تمباکو نوشی کی بچی ہوئی برِسکٹ کو دوبارہ استعمال کرنے کے لیے کچھ آسان اور مزیدار طریقے یہ ہو سکتے ہیں:

1. **برسکٹ سینڈوچ**: بچی ہوئی برسکٹ کو تھوڑے سے میونیز اور باربیکیو سوس کے ساتھ مکس کرکے بن کے درمیان رکھ کر بہترین سینڈوچ بنائیں۔

2. **برسکٹ ٹاکوز**: بچی ہوئی برسکٹ کو ذرا سا گرم کرکے ٹاکو شیلز میں ڈالیں، اوپر سے ہری چٹنی، کچمبر، اور کچی پیاز ڈالیں۔

3. **برسکٹ فرائیڈ رائس**: بچی ہوئی برسکٹ کو چھوٹے ٹکڑوں میں کاٹ کر چاولوں کے ساتھ بھونیں، سویا سوس، سبزیاں اور کچھ انڈوں کے ساتھ ملایا جا سکتا ہے۔

4. **برسکٹ ہاش**: برسکٹ کے ٹکڑوں کو آلو، ٹماٹر، پیاز، اور ہری مرچ کے ساتھ مکس کر کے بریکفاسٹ ہاش کے طور پر پیش کریں۔

5. **برسکٹ پاستا**: بچی ہوئی برسکٹ کو ٹماٹو سوس کے ساتڤ پکا کر پاستا میں شامل کریں، یہ ایک مکمل میل کی شکل دے گا۔

یہ سب طریقے آپ کی بچی ہوئی برسکٹ کو مزیدار اور دلچسپ بنا دیں گے اور کھانے کا ضیاع بھی کم ہوگا۔"
337,"دو کھلاھڑیوں کےے کھےل کی بنیاد یج بھیاء میں عطپصمت کا امتزاج بھت ضروری ہوتا ہے۔ یہاں اےک ایسی ہی کھیل کی مثال پیش کی جاتی ہے جسے ""تختوں کی فتح"" کہا جا سکتا ہے۔

### کھیل کا نام: تختوں کی فتح

#### کھلاڑیوں کی تعداد:
دو کھلاڑی

#### کھیل کا سامان:
1. کھیل کا بورڈ جس پر 64 خانے ہوتے ہیں (8x8).
2. ہر کھلاڑی کے لیے 16 مہرے: یک راجا، یک وزیر، دو رتھ، دو گھوڑے، دو فیل اور آٹھ پیادے۔
3. ایک پاسے کا استعمال کیا جاتا ہے جو چھ نمبروں تک ہوتا ہے۔

#### کھیل کے قواعد:
1. کھیلاڑی اپنے مہرے بورڈ پر ایک خاص ترتیب میں رکھتے ہیں۔
2. کھلاڑی باری باری پاسہ پھینکتے ہیں۔ پاسے کے نمبر کے مطابق، وہ اپنے مہرے بورڈ پر منتقل کر سکتے ہیں۔
3. ہر مہرے کی اپنی خاص حرکتیں ہوتی ہیں، جیسے راجا ایک دفعہ میں صرف ایک خانہ، وزیر کی طرح دائرے میں چل سکتا ہے، وغیرہ۔
4. مقصد دوسرے کھلاڑی کے راجا کو ""شہ مات"" کرنا ہے۔

#### کھیل کا اختتام:
کھیل اْس وقت ختم ہوتا ہے جب ایک کھلاڑی دوسری کے راجا کو شہ مات کر دے۔

### حکمت عملی اور قسمت:
یہ کھیل حکمت عملی اور قسمت کا امتزاج ہوتا ہے کیونکہ کھلاڑیوں کو اپنے مہرےوں کی حرکتیں منصوبہ بندی کے ساتھ کرنا ہوتا ہے جبکہ پاسہ پھانکنے سے حاصل ہونے والے نتیجے کے لیے قسمت پر منحصر ہوتے ہیں۔

یہ کھیل تفریح کے ساتھ ساتھ دماغی ورزش کا بھی ایک زبردست ذریعہ ہوتا ہے اور دوستوں یا خاندان کے ساتھ کھیلنے کا اعلیٰ وقت فراہم کرتا ہے۔"
68,"کوبی برائنٹ کی ابتدائی زندگی کے چند اہم واقعات درج ذیل ہیں:

1. **پیدائش اور خاندانی پس منظر:**
   - کوبی برائنٹ کی پیدائش 23 اگست 1978 کو فلاڈیلفیا، پنسلوانیا میں ہوئی۔ ان کے والد جو برائنٹ ایک سابق این بی اے کھلاڑی تھے اور ماں پامیلا کاکس برائنٹ تھیں۔

2. **اسم بامسمیت:**
   - کوبی کا نام ان کے والدین نے جاپانی کوبی بیف سے متاثر ہو کر رکھا۔ ان کا درمیانی نام 'بین' ان کے والد کے عرفی نام 'جیلی بین' سے لیا گیا تھا۔

3. **بچپن میں نقل مکانی:**
   - جب کوبی صرف چھ سال کے تھے، ان کے والدین نے اٹلی منتقل ہونے کا فیصلہ کیا جہاں وہ اپنے باسکٹ بال کیریئر کو جاری رکھ سکیں۔ کوبی نے اٹلی میں اطالوی زبان میں مہارت حاصل کی اور وہاں کے کلچر میں ڈھل گئے۔

4. **باسکٹ بال کی ابتداء:**
   - کوبی نے بچپن میں ہی باسکٹ بال کھیلنا شروع کر دیا تھا اور اٹلی میں ہی انہوں نے اس کھیل میں سنجیدہ توجہ دینی شروع کی۔

5. **امریکہ واپسی اور تعلیم:**
   - کوبی 13 سال کی عمر میں واپس فلاڈیلفیا آ گئے جہاں انہوں نے بالا سین وائیڈ مڈل اسکول میں داخلہ لیا۔ وہ یہاں پر بھی اپنی باسکٹ بال کی مہارتیں نکھارتے رہے۔

یہ تھے کوبی برائنٹ کی زندگی کے ابتدائی کچھ اہم پہلو جو ان کی مستقبل کے کیریئر اور شخصیت کی تشکیل میں مددگار ثابت ہوئے۔"
525,"وہ فرشتہ کی طرح مددگار تھی۔
وہ صبر کے پہاڑ کی مانند صابر تھا۔"
301,یہ تصویر ایک آدمی کو دفتر میں کام کرتے ہوئے دکھاتی ہے، جہاں وہ کمپیوٹر پر مصروف ہے اور اسکے آس پاس دستاویزات بھی بکھری ہوئی ہیں۔
352,"چاند پر اترنا انسانی تاریخ میں ایک اہم سنگ میل تھا کیونکہ اس نے انسانیت کی خلا میں تحقیق اور تسخیر کی صلاحیتوں کو ثابت کیا۔ ۱۹۶۹ میں جب پہلی بار انسان نے چاند کی سطح پر قدم رکھا، تو یہ نہ صرف تکنیکی و سائنسی کارنامہ تھا بلکہ یہ انسانی جذبہ، امنگ اور تجسس کا مظاہرہ بھی تھا۔

چاند پر اترنے کی اہمیت مندرجہ ذیل لحاظ سے تھی:
۱. **سائنسی تحقیق**: چاند پر ہونے والی تحقیق سے زمین اور خلا کے بارے میں نئے حقائق معلوم ہوئے جیسے کہ چاند کی سطح کی ساخت، بجلی اور موادی خصوصیات۔
۲. **ٹیکنالوجیکل انوویشن**: خلا کی مہمات نے نئی ٹیکنالوجی کی ترقی کو فروغ دیا، خاص طور پر ایئروسپیس انجینیئرنگ، روبوٹکس اور کمپیوٹر سائنس میں۔
۳. **بین الاقوامی تعلقات** اور **مقابلہ**: سرد جنگ کے دور میں، امریکا اور سوویت یونین کے درمیان خلا کی دوڑ زوروں پر تھی۔ چاند پر اترنا امریکا کی بڑی کامیابی تھی، جس نے عالمی سطح پر اس کی تکنیکی برتری کو ظاہر کیا۔
۴. **انسپریشن**: اس کامیابی نے انسانوں کو نئے عزائم اور خوابوں کو پورا کرنے کی تحریک دی، خاص طور پر نوجوانوں میں سائنس و ٹیکنالوجی کی طرف دلچسپی میں اضافہ ہوا۔

یہ تمام عوامل مل کر چاند پر اترنے کی اہمیت کو بیان کرتے ہیں اور ظاہر کرتے ہیں کہ یہ واقعہ صرف ایک مہم نہیں بلکہ ایک تاریخی واقعہ تچھلاا تھا جس نے دنیا مت ایـنص کے نظریات اور خود اعتمادی کو تبدیل کیا۔"
377,"1. سی این این کے مشیر کے مطابق 2008 کے انتخابات پر اثر انداز ہونے والے سیاسی ٹیلی ویژن اشتہارات پر خرچ کی گئی رقم $3 بلین سے تجاوز کر سکتی ہے؛ اس سے متعلق آپ کے خیال میں اس خرچ کا سیاسی عمل پر کیسا اثر پڑ سکتا ہے؟

2. سیاسی ٹیلی ویژن اشتہارات پر بڑھتی ہوئی مالی لاگت کے پیش نظر، کیا آپ سمجھتے ہیں کہ اس طرح کے اشتہاروں کی موثریت اور اخلاقیات پر بھی سوال اٹھ سکتے ہیں، اور اگر ہاں، تو اسے کس طرح بہتر بنایا جا سکتا ہے؟"
107,"1. جعلی دستاویزات: یہ ان دستاویزوں کو کہتے ہیں جو غلط معلومات پر مبنی ہوتی ہیں یا غلط مقاصد کے لیے بنائی گئی ہوتی ہیں، جیسے جعلی شناختی کارڈز یا جعلی ڈگریاں.
   
2. جعلی خبریں: ایسی خبریں جو حقیقی نہیں ہوتیں اور غیر معتبر ذرائع سے پھیلائی جاتی ہیں تاکہ لوگوں کی رائے کو گمراہ یا متاثر کیا جا سکے.

3. جعلی مصنوعات: اصل برانڈ کی نقل والی مصنوعات جو کمتر معیار کی ہوتی ہیں اور اکثر کم قیمتوں پر بیچی جاتی ہیں، جیسے کپڑے، الیکٹرانکس، کاسمیٹکس وغیرہ.

4. جعلی ریویوز: انٹرنیٹ پر مختلف پروڈکٹس یا خدمات کے فرضی جائزے جو صارفین کو دھوکہ دینے کے لیے استعمال کیے جاتے ہیں.

5. جعلی کرنسی: یہ نقلی نوٹوں کو کہتے ہیں جو اصلی کرنسی کی طرح دکھائی دیتے ہیں لیکن ان کی کوئی اصل قیمت نہیں ہوتی اور ان کا استعمال غیر قانونی ہوتا ہے."
397,زندگی ریس کا میدان ہے۔
785,"صبح بخیر خواتین و حضرات،

میں آج آپ کے سامنے اس اعتماد کے ساتھ کھڑا ہوں کہ میں آپ کی خدمت کا اہل ہوں، اور میں آپ کو یہ بتانے آیا ہوں کہ مجھے آپ کی خدمت کے لیے اگلا صدر کیوں منتخب ہونا چاہیے۔ میری تقریر کا مقصد صرف خود کو پیش کرنا نہیں بلکہ آپ کو میرے وژن، میرے عزم، اور میرے اقدامات کی جھلک دکھانا ہے۔

ہمارا ملک موجودہ بہت سے چیلنجز کا سامنا کر رہا ہے، جو بالخصوص معیشت، تعلیم، اور صحت کے شعبوں میں نمایاں ہیں۔ میری ترجیح ہوگی کہ ان شعبوں میں بہتری لائی جائے، نہ صرف کاغذوں پر بلکہ حقیقی معنوں میں۔ میں آپکو یقین دلاتا ہوں کہ میری حکومت میں کرپشن کا خاتمہ ہوگا، ہر شہری کو برابر کی حقوق ملیں گے اور ترقی کی راہیں ہر کونے تک پہنچائی جائیں گی۔

میرا ماننا ہے کہ قیادت صرف باتوں کی فصاحت نہیں بلکہ اعمال کی شفافیت اور پائیداری سے آتی ہے۔ میں آپ سے وعدہ کرتا ہوں کہ میری حکومت میں آپ کی آواز سنی جائے گی، آپ کے مسائل کا جائزہ لیا جائے گا اور انھیں حل کیا جا؈گا۔

مجھے موقع دیجیے کہ میں آپ کا اعتماد جیت سکوں، آپ کی امیدوں پر پورے اتر سکوں اور ہم سب مل کر ایک روشن مستقبل کی بنیاد رکھیں۔ آپ کے تعاون اور حمایت کے ساتھ، میں یقین دلاتا ہوں ہم ملک کو نئی بلندیوں تک لے جائیں گے۔

آئیے ہم سب مل کر اس مقصد کے لیے کام کریں، آپ کی رائے اور آپ کی تائید میرے لیے قیمتی ہے۔ 

شکریہ!"
796,دینین نے اپنی نوعمری میں کافی سرگرمیاں انجام دیں جن میں تعلیم گاہ کے طور پر ٹیچنگ بھی شامل تھی۔ انہوں نے 1880 کی دہائی میں ساک کاؤنٹی، آئیووا میں ایک وقت کے لئے اسکول میں تدریس کا کام سر انجام دیا۔ اس کے بعد ماؤنٹ کیرول سیمیناری میں داخلہ لیا، جو بعد میں شمبر کالج کے نام سے مشہور ہوا۔ یہاں انہوں نے 1890 میں اپنی تعلیم مکمل کی۔ اس دوران اسکول میں سٹینوگرافی اور ٹائپ رائیٹینگ جیسے کورسز بھی پیش کئے گئے تھے، جس میں دینین نے اتنی اچھی تعلیم حاصل کی کہ وہ 1889 اور 1890 میں اسی مضمون کے انسٹرکٹر بھی مقرر ہوئیں۔ ان کا یہ دور نوعمری میں نہ صرف تعلیم حاصل کرنے کی جستجو تھی بلکہ علم کو آگے بانٹنے کا ایک ذریعہ بھی بنا۔
467,صبح اٹھنے کے بعد سب سے پہلے میں وضو کرتا ہوں اور نماز پڑھتا ہوں۔ پھر تازہ دم ہو کر ناشتہ کرتا ہوں جس میں عموماً دودھ، روٹی یا سیریل شامل ہوتا ہے۔ ناشتے کے بعد میں اپنی اسکول بیگ تیار کرتا ہوں، جس میں کتابیں، نوٹ بُکس اور دوسری ضروری چیزیں رکھتا ہوں۔ اسکے بعد میں اپنی یونیفارم پہنتا ہوں اور اسکول کے لئے تیار ہو جاتا ہوں۔ اس دوران، میں کبھی کبھی اپنے والدین سے بھی بات چیت کر لیتا ہوں اور پھر اسکول کے لیے روانہ ہو جاتا ہوں۔
569,"اینٹروپی ایک فزیکل مقدار ہے جو کہ نظام کی بے‌ترتیبی یا ڈس آرڈر کی پیمائش کرتی ہے۔ یہ طبیعیات اور کیمسٹری میں بہت اہم ہوتا ہے خاص طور پر تھرموڈینامکس میں، جہاں یہ نظام کے حالتوں میں ممکنہ تبدیلیوں کا مطالعہ کرتا ہے۔
 
جب کسی نظام کی اینٹروپی بڑھتی ہے، تو وہ زیادہ بے ترتیب اور ڈس آرڈرڈ ہو جاتا ہے۔ اینٹروپی کے مطالعہ سے ہمیں مختلف کیمیکل ردعمل اور فزیکل تبدیلیاں سمجھنے میں مدد ملتی ہے، جیسے کہ کیوں کچھ ردعمل خودکار ہوتے ہیں اور دیگر نہیں ہوتے۔

مزید برآں، انفارمیشن تھیوری میں بھی اینٹروپی استعمال ہوتی ہے، جہاں یہ معلومات کے بے‌ترتیبی یا غیر یقینیت کو ظاهر کرتا ہے، یعنی ایک پیغام یا ڈیٹا سٹ کتنی معلومات فراہم کر سکتی ہے۔ 

لہٰذا، اینٹروپی ایک وسیع اور جامع مفهوم ہے جو کہ بے ترتیبی اور عدم-یقینیت کی عمومی خصوصیات کو بیان کرتا ہے اور مختلف سائنسی شعبوں میں اس کی اہمیت بہت زیادہ ہوتی ہے۔"
429,"ٹیسلا کو گھر پر چارج کرنے کے فوائد اور نقصانات درج ذیل ہیں:

**فوائد:**

1. **آسانی اور سہولت:** گھر پر چارجنگ سٹیشن ہونے سے آپ کو چارج کرنے کے لیے کہیں جانے کی ضرورت نہیں پڑتی۔ آپ جب چاہیں اپنی گاڑی کو چارج کر سکتے ہیں۔

2. **وقت کی بچت:** گھر سے نکلنے سے پہلے رات کے وقت گاڑی کو چارج کر لینا ممکن ہے، جس سے روزمرہ کی بنیادوں پر وقت کی بچت ہوتی ہے۔

3. **کم لاگت:** عام طور پر گھر پر چارج کرنے کی قیمت پبلک چارجنگ اسٹیشنز کے مقابلے میں کم ہوتی ہے، خاص طور پر اگر آپ رات کے وقت سستے میں بجلی استعمال کرنے کی سہولت سے فائدہ اٹھاتے ہیں۔

4. **بڑھتی ہوئی ملکیتی سہولت:** اپنے گھر پر چارجنگ انفراسٹرکچر بڑھانے سے گھر کی قیمت میں اضافہ ہوسکتا ہے۔

**نقصانات:**

1. **ابتدائی قیمت:** گھر پر چارجنگ سٹیشن انسٹال کرنے کا خرچ مہنگا پڑ سکتا ہے، خاص طور پر اگر اصلاحات کی ضرورت ہو۔

2. **تعمیراتی تغیرات:** گھر کی الیکٹریکل سسٹم کو اپگریڈ کرنا پڑ سکتا ہے تاکہ وہ چارجنگ سٹیشن کی طاقت کی ضروریات کو پورا کر سکے، جس کے لیے مزید خرچہ بھی آئے گا۔

3. **محدود تیزی:** گھر پر عام طور پر جو چارجرز موجود ہوتے ہیں، وہ تیز چارجنگ کی سہولت فراہم نہیں کرتے، جو کہ پبلک چارجنگ اسٹیشنز پر دستیاب ہو سکتی ہے۔

4. **توانائی کی کھپت:** گھر پر گاڑی چارج کرنے سے بجلی کی ماہانہ کھپت بڑھ سکتی ہے، جسے دیکھتے ہوئے بجٹ بنانا ضروری ہے۔

ان نکات کو مدِ نظر رکھتے ہوئے، فیصلہ کرنے سے پہلے اپنی ذاتی ضروریات اور بجٹ کا جائزہ لینا مفید رہے گا۔"
299,"ورچوئل لرننگ ماحول کے نتائج کا جائزہ لینے کے لئے، ہمیں مختلف پہلوؤں پر غور کرنا ہوگا جن میں مثبت اور منفی دونوں اثرات شامل ہیں۔

### مثبت نتائج:
1. **فلیکسیبلٹی اور رسائی:** ورچوئل لرننگ کا سب سے بڑا فائدہ اس کی فلیکسیبلٹی ہے۔ طلباء کہیں بھی، کسی بھی وقت تعلیم حاصل کر سکتے ہیں، جس سے رسائی میں آسانی ہوتی ہے۔
   
2. **تعلیمی مواد کی آسانی:** آن لائن پلیٹ فارمز پر تعلیمی مواد تک رسائی آسان ہوتی ہے اور اکثر یہ مواد مستقل اپ ڈیٹ ہوتا رہتا ہے۔

3. **ٹیکنولوجی کا استعمال:** ورچوئل لرننگ طلبا کو جدید ٹیکنولوجی کے استعمال کی ترغیب دیتی ہے، جس سے ان کی ٹیکنیکل مہارتوں میں بہتری آتی ہے۔

4. **خود نظم و ضبط:** آن لائن تعلیم طلبا کو خود مختار بناتی ہے اور خود نظم و ضبط سیکھنے کی صلاحیت میں اضافہ کرتی ہے۔

### منفی نتائج:
1. **معاشرتی تنہائی:** ورچوئل کلاسز میں طلبا کو روبرو بات چیت اور معاشرتی سرگرمیوں کی کمی محسوس ہوتی ہے، جس سے ان میں معاشرتی تنہائی کی شکایات بڑھ سکتی ہیں۔

2. **ٹیکنالوجی کی محدودیتیں:** مختلف علاقوں میں ٹیکنولوجی کی دستیابی اور انٹرنیٹ کی سرعت میں فرق ہوتا ہے جو کہ تعلیمی سرگرمیوں میں رکاوٹ بن سکتی ہے۔

3. **معیار کی یکسانیت کا مسئلہ:** بعض اوقات آن لائن کلاسز میں معیاری تعلیم کی فراہمی میں مسائل ہو سکتے ہیں، جیسے کہ معلومات کی گہرائی وغیرہ کا فقدان۔

4. **خود نظم و ضبط کی کمی:** بعض طلبا کے لئے خود نظم و ضبط برقرار رکھنا مشکل ہو سکتا ہے، جس سے ان کی تعلیمی پیش رفت متاثر ہوتی ہے۔

ورچوئل لرننگ ماحول میں ان پہلوؤں کے تجزیہ سے ہمیں اس کے فوائد و نقصانات کی بہتر سمجھ آتی ہے اور طلبا کو اس سے مطابقت پیدا کرنے میں مدد مل سکتی ہے۔"
323,"آسمان کے ساتھ شاعری کے لیے دو موزوں الفاظ ہو سکتے ہیں ""ستارے"" اور ""بادل""."
507,"مثلث کے رقبے کا حساب لگانے کے لیے آپ کو مثلث کی معلوم اطراف یا ایک طرف اور اونچائی کے ساتھ الگورتھم تیار کرنا پڑے گا۔ میں آپ کو دو مختلف طریقے بتاتا ہوں کہ آپ C++ میں ایک سادہ فنکشن استعمال کرتے ہوئے مثلث کے رقبے کو کس طرح حساب لگا سکتے ہیں۔

پہلا طریقہ بیس اور اونچائی استعمال کرتے ہوئے:
```cpp
#include<iostream>
using namespace std;

double triangleArea(double base, double height) {
    return 0.5 * base * height;
}

int main() {
    double base, height;
    cout << ""مثلث کی بنیاد انٹر کریں: "";
    cin >> base;
    cout << ""مثلث کی اونچائی انٹر کریں: "";
    cin >> height;
    
    double area = triangleArea(base, height);
    cout << ""مثلث کا رقبہ ہے: "" << area << endl;
    return 0;
}
```
یہ کوڈ اُس وقت استعمال ہوتا ہے جب آپ کے پاس مثلث کا بیس اور اونچائی معلوم ہو۔

دوسرا طریقہ ، ہیرون کا فارمولا استعمال کرتے ہوئے (یہ طریقہ اُس وقت موزوں ہوتا ہے جب آپ کے پاس مثلث کے تینوں اطراف کی معلومات ہوں):
```cpp
#include<iostream>
#include<cmath>
using namespace std;

double heronsFormula(double a, double b, double c) {
    double s = (a + b + c) / 2;
    return sqrt(s * (s - a) * (s - b) * (s - c));
}

int main() {
    double a, b, c;
    cout << ""مثلث کے پہلے طرف کی لمبائی انٹر کریں: "";
    cin >> a;
    cout << ""مثلث کے دوسرے طرف کی لمبائی انٹر کریں: "";
    cin >> b;
    cout << ""مثلث کے تیسرے طرف کی لمبائی انٹر کریں: "";
    cin >> c;
    
    double area = heronsFormula(a, b, c);
    cout << ""مثلث کا رقبہ ہے: "" << area << endl;
    return 0;
}
```
هیرون کا فارمولا \( \sqrt{s(s-a)(s-b)(s-c)} \) ہے جہاں \( s \) نصف اطراف کا مجموعہ ہے یعنی \( s = (a+b+c)/2 \)۔

ایں کوڈز کے ذریعے آپ مثلث کے رقبہ کا حساب کسی بھی دی گئی اطلاعات کے مطابق لگا س�"
675,فلپائنی لوگوں کا چاول کی جانب رجحان بنیادی طور پر ان کی زرعی اور ثقافتی تاریخ کی وجہ سے ہے۔ فلپائن میں چاول کی کاشت کا عمل بہت قدیم ہے اور یہ زمین کی زرخیزی اور موسمی حالات کے لئے بہت مناسب ہے۔ اس کے علاوہ، چاول کو روزمرہ کی غذائیت کا ایک اہم حصہ سمجھا جاتا ہے اور یہ فلپائنی خوراک کی اکثریت میں بنیادی جزو کے طور پر شامل ہے۔ چاول ان کی کھانوں کو مکمل کرتا ہے اور اکثر گوشت، مچھلی اور سبزیوں کے ساتھ پیش کیا جاتا ہے، جو ایک متوازن غذا فراہم کرتا ہے۔
863,یہ ٹویٹ ایک مثبت پیغام دے رہا ہے کیونکہ اس میں امریکی معیشت کے بہتر ہونے اور بے روزگاری کی سطح میں کمی کا ذکر کیا گیا ہے۔ اس طرح کے بیانات عموماً امید اور مثبت ترقی کی طرف اشارہ کرتے ہیں، اس لئے اس ٹویٹ کے جذبات کو مثبت درجہ بندی دی جا سکتی ہے۔
589,"دوستی، ایک خزانہ محبت کا،
جہاں خوشیاں بکھری پڑی ہوں ہر سمت,
اسے سمجھنے کا سفر، اسرار سے بھرپور.

ہر پل میں محبت کی خوشبو ہے،
دوست کی ہنسی میں پنہاں,
خوشی کے یہ مقدس لحظے، جیسے جنت کا نظارہ.

جیب میں پڑی خالی پرس کی فکر نہیں،
کیونکہ دوست کا پیار امیری کی ضمانت,
اسرار یہ کہ دنیا کی دولت سے بڑھ کر.

دوستی کا ہے یہ اعجاز،
کہ محبت کا ہو بس احساس,
خوشی سے ہر دکھ بھول جائیں،
اسرار میں دل کو لگائیں.

اک دوست ہی تو ہے مسکراہٹ کا راز،
جو درد میں بھی دے سکتا ہے خوشی کے ساز,
یہ محبت، یہ خوشی، یہ اسرار,
دوستی ہے ہمارا انمول خزانہ، بیش بہا."
867,"میرے پیارے دوست [دوست کا نام],

امید ہے تم خیریت سے ہو گے۔ میری طرف سے تمام خوارکیں اچھی ہیں اور ہر چیز اپنی جگہ پر ہے۔ بڑے عرصے سے ہم نے بات نہیں کی، لیکن تمہارا خیال آتے ہی یادیں تازہ ہو جاتی ہیں۔

یار, بڑی خبر یہ ہے کہ میں اگلے ماہ کیلیفورنیا جا رہا ہوں! ہاں, میں نے آخر کار وہ قدم اٹھا لیا جس کی ہمیشہ سے خواب دیکھا کرتا تھا۔ کیلیفورنیا کی حسین وادیوں اور سنہری ساحلوں کی سیر کرنے کا موقع ملا ہے اور میں اسے ضائع نہیں کر سکتا۔

میں وہاں کچھ ترقیاتی پروجیکٹس میں شریک ہوں گا اور ساتھ ہی کچھ تعلیمی ورکشاپس میں بھی حصہ لوں گا جو میرے فیلڈ سے متعلق ہیں۔ یہ سفر نہ صرف میرے پیشہ ورانہ علم میں اضافہ کرے گا بلکہ مجھے نئے لوگوں سے ملنے، نئی ثقافتوں کو جاننے اور نئے تجربات حاصل کرنے کا موقع بھی دے گا۔

میں لوٹ کر تمہیں اپنے تجربات کے بارے میں ضرور بتاؤں گا اور امید ہے کہ تم بھی مجھے اپنی زندگی کے بارے میں بتاو گے۔ بہت دنوں سے تیری کوئی خبر نہیں ملی، زندگی کیسی چل رہی ہے؟

ابھی کے لیے بس اتنا ہی، تمہیں اپنی دعاؤں میں یاد رکھوں گا اور یقیناً کیلیفورنیا سے واپسی پر بہت کچھ بتانے کا پلان ہے۔ خدا حافظ رہو اور جلدی سے جواب دو، بہت یاد آتی ہے۔

تمہارا دوست،
[آپ کا نام]"
635,آئسوبارز کی تقسیم ، موسمیاں علم میں بہت اہمیت رکھتی ہے۔ یہ لکیریں نقشے پر خاص مدت کے لیے سطح سمندر پر مستقل برابر دباؤ والے مقامات کو جوڑتی ہیں۔ یہ تقسیم نہ صرف کہ موجودہ دبائی سطحوں کو دکھاتی ہے بلکہ ہوا کی شدت اور سمت کے بارے میں بھی بتاتی ہے، جو موسمی پیش گوئی میں مددگار ہوتی ہے۔ اس سے یہ سمجھ میں آتا ہے کہ ہوا کہاں سے کہاں کو چلی جائے گی اور موسم کیسا رہے گا۔ آئسوبارز کی شکل اور فاصلہ مختلف ہو سکتا ہے۔ زیادہ قریبی آئسوبارز ہوا کی زیادہ شدت اور موسمی تغیر کو ظاہر کرتے ہیں۔ یہ معلومات ٹیلیویژن پر موسم کی رپورٹنگ میں بھی استعمال ہوتی ہیں تاکہ لوگوں کو آگاہ کیا جاسکے کہ آنے والے دنوں میں موسم کیسا رہے گا۔
469,جیسے ہی میں نے اپنا کام ختم کیا، میں دفتر میں داخل ہوا۔
915,"دماغی صحت پر ورزش کے اثرات کا مطالعہ کرنے کے لیے مختلف تحقیقاتی طریقہ کار استعمال کیے جا سکتے ہیں:

1. **رینڈمائزڈ کنٹرولڈ ٹرائل (RCT)**: یہ طریقہ تحقیقاتی معیار کے لحاظ سے سب سے موثر اور قابل اعتماد سمجھا جاتا ہے کیونکہ اس میں شرکاء کو بے ترتیب گروپوں میں تقسیم کیا جاتا ہے، جس سے تجربات کا اثر قوی ہوتا ہے اور مختلف عناصر کی روک تھام ہوتی ہے۔ اس طریقے میں ایک گروپ ورزش کرتا ہے جبکہ دوسرے گروپ نہیں کرتا، اور پھر دونوں گروپوں کی دماغی صحت کا موازنہ کیا جاتا ہے۔

2. **کیس سٹڈیز**: یہ طریقہ انفرادی افراد یا چھوٹے گروپوں پر تفصیلی جائزہ لینے کے لیے موزوں ہے۔ اس میں ورزش کرنے والی اور نہ کرنے والی افراد کی دماغی صحت کے درمیان فرق کو دیکھا جاسکتا ہے۔

3. **کوہورٹ اسٹڈیز**: ایسے مطالعات میں طویل مدتی اثرات کو دیکھا جاتا ہے، جیسا کہ کسی خاص آبادی میں ورزش کے زندگی بھر کے اثرات کو مطالعہ کرنا۔ یہ طریقہ اثرات کی دورانیت کو بہتر طور پر سمجھنے میں مدد کر سکتا ہے۔

4. **کراس سیکشنل سروےز**: یہ مطالعات مختلف مواقعوں پر بڑی آبادیوں میں ورزش اور دماغی صحت کے درمیان موجود روابط کو جانچ سکتے ہیں۔ یہ اکثر اعداد و شمار جمع کرنے کے لیے سروے فارمات بھی استعمال کرتے ہیں۔

ان طریقوں کا انتخاب مطالعہ کے مقاصد، دستیاب وسائل، اور مطلوبہ نتائج تک پہنچنے کی ضروریات پر منحصر ہوگا۔ ہر طریقہ کار اپنے منفرد فوائد اور چیلنجز کے ساتھ آتا ہے، لہذا انتخاب کرتے وقت ان عوامل کو مد نظر رکھنا ضروری ہے۔"
