,llama
81,"ولفورڈ ریکس بلیک کے نام میں ""W"" کا مطلب ""William"" ہے۔ William Rex Black کے نام میں ""William"" ایک انگریزی نام ہے جس کا مطلب ""شہزادہ"" ہے۔"
413,حمد اللہ! شانتی لال مہتا ایک ہندوستانی اسٹاک بروکر تھا جو 1992 میں ہندوستانی سیکیورٹیز گھوٹالے میں ملوث ہوا تھا۔ اس نے مارکیٹ میں ہیرا پھیری کرنے والے کے طور پر بدنام کیا گیا تھا۔
583,"ہندوستان میں پانچ سب سے بڑے اسٹارٹ اپز کی فہرست یہ ہے:

1. Ola - یہ ایک کابریڈج رکٹے والا اسٹارٹ اپ ہے جس نے پاکستان میں بھی اپنا کاروبار شروع کیا ہے۔
2. Paytm - یہ ایک فنانشل ٹیکنالوجی کا اسٹارٹ اپ ہے جس نے ہندوستان میں موبائل پیمنٹمنٹ کا کاروبار شروع کیا۔
3. Flipkart - یہ ایک ای-کامرٹ بزنس کا اسٹارٹ اپ ہے جس نے ہندوستان میں آن لائن خریداری کا کاروبار شروع کیا۔
4. Zomato - یہ ایک فूड ڈیلیورنگ کا اسٹارٹ اپ ہے جس نے ہندوستان میں فूड ڈیلیورنگ کا کاروبار شروع کیا۔
5. Swiggy - یہ ایک فूड ڈیلیورنگ کا اسٹارٹ اپ ہے جس نے ہندوستان میں فOOD ڈیلیورنگ کا کاروبار شروع کیا۔

یہ پانچ اسٹارٹ اپز ہندوستان میں سب سے بڑے ہیں۔"
137,"اے شے ہیں جو میں الیکٹرانکس کی دکان میں خریدیں گا:

1. سمارٹ فون کا چارجر
2. ڈیٹا کے لیے ہائی سپیڈ میکرو ایس ڈی کارد
3. وائرلیس ہیڈفون
4. پاور بینک کا چارجر
5. سمارٹ ٹی وی ریموٹ کنٹرول
6. لپ ٹاپ کی چارجر
7. وائرلیس ہیڈفون کا ریفریشمنٹ کیس
8. سمارٹ وچھا کا چارجر

یہ سب اشیاء الیکٹرانکس کی دکان میں خریدیں گا۔"
470,ہمارے پاس کل 12 پھل ہیں۔ 8 سیب اور 4 سنترے ہیں۔
699,جو نے خاموشی سے دروازہ کھولا۔
995,کتاب سے درج ذیل اقتباس کا خلاصہ یہ ہے کہ لڑکی بیڈ پر بیٹھی اور شہر کے آسمان کو دیکھ رہی تھی۔ سورج غروب ہو رہا تھا اور آسمان ایک شاہی نیلا رنگ رکھ رہا تھا جس میں گلابی اور نارنجی کی لکیریں تھیں۔
87,"پانی کی فلورائڈیشن ایک ایسا عمل ہے جس میں پانی میں فلورائیڈ کی کنٹرول شدہ ایڈجسٹمنٹ کی جاتی ہے تاکہ دانتوں کی خرابی کو کم کیا جائے۔ یہ عمل عام طور پر پینے کے پانی میں ایک فلوریڈیٹڈ مرکب شامل کیا جاتا ہے۔

فلورائیڈ والا پانی دانتوں کی سطحوں پر کام کرتا ہے: منہ میں، یہ تھوک میں فلورائیڈ کی کم سطح پیدا کرتا ہے، جس سے دانتوں کے تامچینی کو معدنیات سے پاک کرنے کی شرح کو کم کرتا ہے اور اس شرح کو بڑھاتا ہے جس پر یہ گہا کے ابتدائی مراحل میں دوبارہ معدنیات سے پاک ہوتا ہے۔

پانی کی فلورائڈیشن نے دنیا بھر میں بہت سے ممالک میں دانتوں کی خرابی کو کم کیا ہے۔ تاہم، اس عمل پر تنازعہ رہا ہے کہ یہ کیا فوائد رکھتا ہے اور کیا خطرات ہے۔ کچھ ممالک اور کمیونٹیز نے فلورائیڈیشن کو بند کر دیا ہے، جبکہ دوسروں نے اسے بڑھا دیا ہے۔

پریکٹس کے مخالفین کا کہنا ہے کہ نہ تو فوائد اور نہ ہی خطرات کا مناسب مطالعہ کیا گیا ہے، اور اس تنازعہ پر بحث کرتے ہیں کہ بڑے پیمانے پر ادویات اور انفرادی آزادیوں کو کیا سمجھا جا سکتا ہے۔"
759,میری گرمی برداشت کرنے کی صلاحیت میں اضافہ ہو رہا ہے! میں اپنی گرمی برداشت کو بہتر بنانے کی کوشش کر رہا ہوں!
51,"اے پیزا بنانے کے لیے درکار اجزاء کے ذیل میں دیے گئے ہیں:

1. آٹا (atta)
2. ماء (maida)
3. نمک (salt)
4. شکر (sugar)
5. تیل (oil)
6. پانی (water)
7. چھوٹا تے وڑیا (yeast)
8. چھنے والا تے لونگ (flour and yeast)
9. کھانے والا تے چھوٹا (baking powder)
10. چھوٹا تے لونگ (baking soda)
11. پیزا کا تھور (pizza sauce)
12. چھوٹا تے لونگ (cheese)
13. چھوٹا تے لونگ (pepperoni)
14. چھوٹا تے لونگ (onions)
15. چھوٹا تے لونگ (capsicum)

یہ سب اجزاء مل کر پیزا بنانے کے لیے کافی ہیں۔"
864,"X کی وضاحت کریں۔

X کوئی مخصوص متغیر ہو سکتا ہے جو کہ ریاضی میں استعمال ہوتا ہے۔ اس کے مختلف انواع ہو سکتے ہیں، جیسے:

* متغیر: ایک متغیر کوئی ایسا متغیر ہے جو کہ ایک خاص_value کو رکھتا ہے۔
* فکشن: ایک فکشن ایک ایسا ریاضیہ ہے جو کہ ایک متغیر کو دوسرے متغیر میں تبدیل کر دیتا ہے۔
* میٹرکس: ایک میٹرکس ایک ایسا ٹیبل ہے جو کہ ایک سے زیادہ متغیروں کو رکھتا ہے۔
* ویکٹر: ایک ویکٹر ایک ایسا متغیر ہے جو کہ ایک ایک ڈائمنشن میں ہوتا ہے۔
* سکرپٹ: ایک سکرپٹ ایک ایسا متغیر ہے جو کہ ایک ایک لائن میں ہوتا ہے۔

یہ صرف کچھ ایک انواع ہیں، لیکن X کی وضاحت میں بہت سے دیگر انواع بھی شامل ہو سکتے ہیں۔"
490,راشٹریں کے لحاظ سے دنیا کے سب سے بڑے ملک روس ہے، لیکن زمینی رقبے کے لحاظ سے دنیا کے سب سے بڑے ملک روس اور کینیڈا کے درمیان مساوی ہے۔ دونوں ملک کے زمینی رقبے 17 ملین 926 600 مربع کلومیٹر ہے۔
134,"سمندر کے بارے میں ہائیکو:

مہرban ہے سمندر کا چہرہ
آب کا سائے ہے اس پر
دھرتی کا حصہ ہے اس میں
میری اور تمہاری محبت ہے اس میں
زندگی کا راز ہے اس میں

(Translation: Ocean's face is majestic, the shade of water is on it, it is a part of the earth, my and your love is in it, the secret of life is in it.)"
194,"اے دوست! خوش کے لیے کچھ مترادفات یہ ہیں:

* خوش = خوشحال = لذت بخش = مسرور = ممتاز

یہ سب لفظ خوش کے مترادفات ہیں، لیکن خوشحال کا مطلب خاص طور پر خوشی اور لذت کا احساس ہے، جبکہ مسرور کا مطلب کسی بات یا چیز سے خوشی اور رضایت ہے۔"
78,ہاں، ایک تجربہ کے لئے میں کچھ نہیں کہتا، کیونکہ تجربہ ایک اپنے اپنے ہوتا ہے۔
386,"امریکہ میں ریاستی ٹیکس کے بغیر منتقل ہونے کے لیے سرفہرست 3 شہر یہ ہیں:

1. فلوریڈا کا میامی شہر، جہاں ریاستی ٹیکس نہیں لگتا۔
2. نیو ہیمشائر کا کوک سٹی شہر، جہاں بھی ریاستی ٹیکس نہیں لگتا۔
3. نیو ہیمشائر کا موناکنٹ شہر، جہاں بھی ریاستی ٹیکس نہیں لگتا۔

یہ شہر ریاستی ٹیکس کے بغیر لگتا ہے لیکن دیگر ٹیکس کے لیے ضروری ہے کہ آپ ان شہروں میں پڑھتے ہوں۔"
829,"بہت سارے لوگ جانتے ہیں کہ فلم کا سابلانکا ایک ایک ایک عظیم فلم ہے، لیکن کیا وہ لوگ جانتے ہیں کہ اس فلم کی داستانی کیا ہے؟

سابلانکا فلم کا آغاز مراکش کے شہر ماریاکش سے ہوتا ہے، جہاں ایک لڑکی کا نام فاتما ہے، جو اپنے پورے زندگی کو اپنے والدین کے ساتھ گزارتی ہے لیکن اس کے والدین کا قتل ہو جاتا ہے اور فاتما اپنے آپ کو ایک مہم جہاں میں پاتا ہے۔

فاتما کو پھر ایک عیسائی پادری، لارنس میں ملا کرتی ہے جو اسے اپنے ساتھ لے جاتا ہے اور اسے اپنے آپ کو ایک عیسائی بنانے کی کوشش کرتی ہے لیکن فاتما اپنے آپ کو ایک مسلمان بنانے کی کوشش کرتی ہے۔

اس فلم میں فاتما کے ساتھ لارنس کے رشتے کا آغاز ہوتا ہے اور دونوں کے درمیان ایک شدید محبت کی داستان پیش آتی ہے۔ لیکن اس فلم میں ایک اور داستان بھی ہے، وہ ہے کہ فاتما اپنے آپ کو ایک عیسائی بنانے کی کوشش کرتی ہے لیکن اس کے لیے اسے اپنے آپ کو ایک مسلمان بنانے سے دستبردار ہونا پڑتا ہے۔

یہ فلم ایک عظیم فلم ہے اور اس کے لیے لوگ بہت سارے پریشاں کا سامنا کر رہے ہیں لیکن فلم کے پھر پھر سے لوگ اسے دیکھ رہے ہیں اور اس کے لیے لوگ بہت سارے پریشاں کا سامنا کر رہے ہیں۔"
390,انسان کی پیدائشی خواہش ہوتی ہے کہ وہ خوشی اور سکوں کا احساس کریں اور اپنی زندگی کو خوشحال بنائے۔
847,"بہت اچھی بات ہے! دی گئی ٹیکنالوجی کے تین فوائد درج کریں:

1. سے سے زیادہ فاصلے پر کام کرنے کا امکان ہے، جس کی وجہ سے کاروباریں اور آپریشنز کو بہتر طریقے سے منظم کیا جا سکتا ہے۔
2. سے سے زیادہ سہولت اور فائدہ کا حصول ہے، جس میں سے ایک یہ ہے کہ آپ کے کاروبار کو سہولت سے آپریشنز کرنے میں مدد ملتی ہے۔
3. سے سے زیادہ سہولت اور فائدہ کا حصول ہے، جس میں سے ایک یہ ہے کہ آپ کے کاروبار کو سے سے زیادہ سہولت سے آپریشنز کرنے میں مدد ملتی ہے۔

کلاؤڈ کمپیوٹنگ کے تین فوائد درج کیے گئے ہیں، جو کاروباریں اور آپریشنز کو بہتر طریقے سے منظم کرتے ہیں۔"
741,"فضائی آلودگی دو اقسام میں تقسیم کی جاتی ہے:

پہلی قسم، گیس آلودگی ہے۔ یہ گیس آلودگی کا نام سولفر ڈائی آکسائڈ، نائٹروجن ڈائی آکسائڈ اور کاربن مونو آکسائڈ ہے۔ یہ گیس آلودگی انسانی صحت کو متاثر کرتا ہے۔ مثلاً سولفر ڈائی آکسائڈ کا Presence Lung کے ساتھ ساتھ پھلورس کے ساتھ ساتھ پھلورس کے ساتھ ساتھ پھلورس کے ساتھ ساتھ پھلورس کے ساتھ ساتھ پھلورس کے ساتھ ساتھ پھلورس کے ساتھ ساتھ پھلورس کے ساتھ ساتھ پھلورس کے ساتھ ساتھ پھلورس کے ساتھ ساتھ پھلورس کے ساتھ ساتھ پھلورس کے ساتھ ساتھ پھلورس کے ساتھ ساتھ پھلور"
11,"دو اسٹارٹ اپز، یوبر اور ایئر بی این بی، جو معیشت پر کئی اثرات ڈال رہے ہیں۔

یوبر کا اثرات:

* معیشت میں نئے کاروبار کی ترقی: یوبر نے کاروبار کی ایک نئی صنف لائی ہے، جس میں لوگ اپنے گاڑیاں رکھ کر اور لوگوں کو رکھ کر کماندار بن سکتے ہیں۔
* رہائش اور نقل و حمل میں سستا اور آسان سروس: یوبر نے رہائش اور نقل و حمل میں سستا اور آسان سروس لائی ہے، جس نے لوگوں کے لیے نقل و حمل اور رہائش کا مسئلہ حل کیا ہے۔
* معیشت میں نئے اہم کاروبار: یوبر نے نئے کاروبار کا آغاز کیا ہے، جس میں لوگ اپنے کاروبار کو پھیلانے کے لیے یوبر کا استعمال کرتے ہیں۔

ایئر بی این بی کا اثرات:

* رہائش اور نقل و حمل میں سستا اور آسان سروس: ایئر بی این بی نے رہائش اور نقل و حمل میں سستا اور آسان سروس لائی ہے، جس نے لوگوں کے لیے نقل و حمل اور رہائش کا مسئلہ حل کیا ہے۔
* معیشت میں نئے کاروبار کی ترقی: ایئر بی این بی نے کاروبار کی ایک نئی صنف لائی ہے، جس میں لوگ اپنے مکانات رکھ کر اور لوگوں کو رکھ کر کماندار بن سکتے ہیں۔
* معیشت میں نئے اہم کاروبار: ایئر بی این بی نے نئے کاروبار کا آغاز کیا ہے، جس میں لوگ اپنے کاروبار کو پھیلانے کے لیے ایئر بی این بی کا استعمال کرتے ہیں۔

لیکن، یہ دونوں اسٹارٹ اپز نے معیشت میں کچھ چیلنجز بھی پیدا کیے ہیں، جس میں رہائش اور نقل و حمل کی لگت میں اضافہ، کاروبار کی ترقی میں رکاوٹیں اور معیشت میں نئے اہم کاروبار کا آغاز۔"
821,"""کمپنی کا شہر لہ رہا ہے، جس میں پھول پھول کر رہے ہیں۔""

(Translation: The city of the company is blooming, where flowers are blooming.)"
777,"کیفین کے جسمانی اثرات کے بارے میں کہا جاتا ہے کہ یہ کوئی بھی عادتی مائع نہیں ہے جو انسان کے جسم پر ایسے اثرات ڈالے جو اس کے لئے ناپسندیدہ ہوں۔

کیفین میں موجود کافئن کے کچھ اثرات یہ ہوں:

* سانس لینے میں دشواری: کیفین کے کچھ مظہرین میں سانس لینے میں دشواری ہو سکتی ہے۔
* دل کا تپنا: کیفین میں موجود کافئن نے دل کا تپنا بڑھا سکتا ہے۔
* خون کا پریشر: کیفین کے کچھ مظہرین میں خون کا پریشر بڑھ سکتا ہے۔
* سونے میں دشواری: کیفین میں موجود کافئن سونے میں دشواری پھیلا سکتا ہے۔
* انسداد میں دشواری: کیفین میں موجود کافئن انسداد میں دشواری پھیلا سکتا ہے۔

لیکن یہ بھی یقینی ہے کہ کیفین کے جسمانی اثرات ان کے مظہرین پر نہیں ہوتے۔ ان کے مظہرین کی تعداد اور ان کے اثرات ان کے مظہرین پر نہیں ہوتے۔"
875,"سالگرہ کے لیے مناسب تحفہ کا انتخاب اپنے دوست کی ذہنی اور مالی حیثیت کے مطابق ہونا چاہئے۔ لیکن کچھ اہم اور پسندیدہ تحفے یہ ہوں:

* گلاب یا دیگر پھول کے بوٹے
* کھانے کے لئے مخصوص تحفہ، جیسے کیک، کوپ کیک یا چاکلیٹ
* کتاب یا فلم کا سی ڈی
* پین یا دیگر تحفے جو آپ کے دوست کی پسند ہوں
* ایک نئی چمچ یا دیگر تحفے جو آپ کے دوست کے لئے مفید ہوں

لیکن یہ یاد رکھیں کہ آپ کے دوست کی سالگرہ کے لیے آپ کو کچھ اچھا اور پسندیدہ تحفہ چاہئے جو آپ کے دوست کے لئے مفید ہو۔"
430,"ٹیسلا کے بارے میں کچھ اہم معلومات ہے:

ٹیسلا انکارپوریشن ایک امریکی کا کاروبار ہے جو ایلیکٹرک وہیکلز اور سولر پاور سسٹمز بناتا ہے۔ یہ کمپنی 2003 میں سبھاشارن موتھی نے قائم کی تھی۔

ٹیسلا کی سب سے مشہور پیداوار میں Tesla Roadster، Model S، Model X، Model 3، Model Y اور Semi ٹرک شامل ہے۔

یہ کمپنی ایلیکٹرک وہیکلز کی پیداوار میں اہم ترین کمپنی ہے اور اس نے ایلیکٹرک وہیکلز کی فروخت میں ریکارڈ بنایا ہے۔

ٹیسلا کے فیکٹریاں میں کالیفورنیا، نیو میکسیکو، ٹیکساس اور چین میں ہیں۔

یہ کمپنی نے اپنی پیداوار میں سولر پاور سسٹمز کا بھی استعمال کیا ہے۔"
848,"اچھا ہے! یہاں تین سوالات لائے ہیں جو متعلق صارف سے پوچھے جا سکتے ہیں:

1. آپ کس قسم کی ایندھن کا استعمال کرتے ہیں؟ گیس، پٹرول، ڈیزل یا کوئی دوسرا؟
2. آپ نے ایندھن کے استعمال سے متعلق کوئی خاص پروگرام یا ٹیکنالوجی اپنائی ہے؟ کیا ہے؟
3. آپ کا خیال ہے کہ ایندھن کا استعمال کس طرح سے پاکستان کی معیشت پر اثر پاتا ہے؟"
521,"بہت سے لوگ تمباکو نوشی کی برسکٹ کو دوبارہ استعمال کرنے کے لئے مختلف طریقے استعمال کرتے ہیں۔ بعض لوگ اسے پانی سے غسل کر کے دوبارہ استعمال کرتے ہیں، بعض لوگ اسے تیل سے غسل کر کے استعمال کرتے ہیں، بعض لوگ اسے گرم پانی میں ڈوبا کے استعمال کرتے ہیں اور بعض لوگ اسے صابن سے غسل کر کے استعمال کرتے ہیں۔ لیکن یہ طریقے مختلف لوگوں کے لئے نہیں ۔ 

پاکستان میں کچھ لوگ برسکٹ کو دوبارہ استعمال کرنے کے لئے اسے کھانے کے تیل سے غسل کر کے استعمال کرتے ہیں۔ لیکن یہ طریقہ بہت سے لوگوں کے لئے نہیں ہے۔ 

برسکٹ کو دوبارہ استعمال کرنے کے لئے ایک اچھی روش یہ ہے کہ اسے پانی سے غسل کر کے استعمال کیا جائے۔ لیکن یہ طریقہ بھی نہیں ہے۔ 

برسکٹ کو دوبارہ استعمال کرنے کے لئے ایک اچھی روش یہ ہے کہ اسے تھرڈ کلاس کے تیل سے غسل کر کے استعمال کیا جائے۔ 

لیکن یہ طریقہ بھی نہیں ہے۔ 

برسکٹ کو دوبارہ استعمال کرنے کے لئے ایک اچھی روش یہ ہے کہ اسے پانی میں ڈوبا کے استعمال کیا جائے۔ 

لیکن یہ طریقہ بھی نہیں ہے۔ 

برسکٹ کو دوبارہ استعمال کرنے کے لئے ایک اچھی روش یہ ہے کہ اسے صابن سے غسل کر کے استعمال کیا جائے۔ 

لیکن یہ طریقہ بھی نہیں ہے۔ 

برسکٹ کو دوبارہ استعمال کرنے کے لئے ایک اچھی روش یہ ہے کہ اسے تھرڈ کلاس کے تیل سے غسل کر کے استعمال کیا جائے۔ 

لیکن یہ طریقہ بھی نہیں ہے۔"
337,"میرا خیال ہے کہ کھیل کا نام ""قسمت کا کھیل"" رکھا جائے۔ اس کھیل میں دو کھلاڑیوں کو ایک ساتھ ساتھ ایک ٹیبل پر بیٹھنے دیا جائے۔ ٹیبل پر کئی چھوٹے چھوٹے کھیل ہوں گے جن میں کچھ حکمت عملی کے ساتھ کھیلے جائیں گے اور کچھ قسمت کے ساتھ کھیلے جائیں گے۔

مثلاً ایک کھیل میں کھلاڑیوں کو ایک ساتھ ایک ٹاس پھینکنے دیا جائے۔ جس کھلاڑی کو ٹاس پھینکے گا وہ کہیں پھینکے گا۔ لیکن کھلاڑی کو پہلے ٹیبل پر لکھنے کا انتخاب کرنا ہوگا کہ کہاں پھینکے گا۔ اگر وہ صحیح انتخاب کرے گا تو وہ کھیل جیت جائے گا لیکن اگر غلط انتخاب کرے گا تو دوسرا کھلاڑی جیت جائے گا۔

اس طرح کئی کھیل ہوں گے جن میں کچھ حکمت عملی کے ساتھ کھیلے جائیں گے اور کچھ قسمت کے ساتھ کھیلے جائیں گے۔ یہ کھیل کھلاڑیوں کو حکمت عملی اور قسمت کے درمیان کی لڑائی میں کھلا کر رکھے گا۔"
68,"کوبی برائنٹ کی ابتدائی زندگی میں ایک مختصر فہرست:

* 23 اگست 1978 کو فلاڈیلفیا میں پیدا ہوئے۔
* تین بچوں میں سب سے چھوٹے اور پامیلا کاکس برائنٹ اور سابق این بی اے کھلاڑی جو برائنٹ کے اکلوتے بیٹے تھے۔
* والدین نے اس کا نام کوبی، جاپان کے مشہور گائے کے گوشت کے نام پر رکھا۔
* 3 سال کا تھا جب وہ باسکٹ بال کھیلنا شروع کیا۔
* 5 سال کا تھا جب لیکرز ان کی پسندیدہ ٹیم تھی۔
* 6 سال کا تھا جب والد NBA سے ریٹائر ہو گئے اور پیشہ ورانہ باسکٹ بال کھیلنا جاری رکھنے کے لیے اپنے خاندان کو اٹلی میں Rieti منتقل کر دیا۔
* 8 سال کا تھا جب وہ پہلے Reggio Calabria، پھر Pistoia اور Reggio Emilia چلے گئے۔
* 10 سال کا تھا جب وہ سنجیدگی سے باسکٹ بال کھیلنا شروع کیا۔
* 12 سال کا تھا جب وہ ریگیو ایمیلیا میں رہتے ہوئے سنجیدگی سے باسکٹ بال کھیلنا شروع کیا۔
* 13 سال کا تھا جب وہ اور اس کا خاندان واپس فلاڈیلفیا چلا گیا۔"
525,"دونوں فقرے کو تشبیہ کا استعمال کرتے ہوئے لکھیں:

وہ ایک پھل تھی، جو بہت مددگار تھی اور ایک درخت تھا، جو انتہائی صابر تھا۔"
301,ایک آدمی دفتر میں کام کر رہا ہے۔ وہ کچھ لکھ رہا ہے۔
352,چاند پر اترنا ایک تاریخی اہمیت رکھتا تھا کیونکہ یہ انسانیت کے لئے ایک بڑا کامیابی تھا۔ پہلے سے کہا گیا تھا کہ چاند پر اترنا ایک ناممکن کارنامہ ہے لیکن اس کے خلاف نہیں ہوتا تھا۔ یہ کامیابی نے انسانیت کو ایک نئے مرحلے پر لے آئی اور اس کے بعد سے چاند پر اترنے کا خواب ہر انسان کے لئے حقیقی تھا۔
377,"دو اہم سوالات یہ ہیں:

کیا سی این این کے مشیر کا خیال ہے کہ 2008 کے انتخابات پر اثر انداز ہونے کی لاگت $3 بلین سے تجاوز کر سکتی ہے؟

کیا یہ لاگت کافی ہے یا نہیں؟"
107,"چاہتا ہوں! یہاں پنج مثال جعلی شے کے لیے دی جاتی ہیں:

1. کاغذی کرنسی (Paper Currency)
2. سونے کا ٹکڑا (Golden Nugget)
3. پلاسٹک کا سائیکل (Plastic Cycle)
4. گولے کا پھل (Ball's Fruit)
5. ہوا کا ٹھکانا (Air's House)

اللہ تعالیٰ!"
397,زندگی ایک لانگ رن ہے۔
785,صبح بخیر، میں آپ سے بات کرنے آیا ہوں کہ میں نے اپنے آئندہ صدارت کے لیے کچھ سوچا ہے۔ مجھے لگتا ہے کہ میں نے اپنی صدارت میں کچھ نئے اثرات لانے کا-plan بنایا ہے۔ میں نے سوچا ہے کہ میں نے قومی ترقی اور افراد کی بہبود کے لیے کچھ نئے طریقے اپنائے جائینگے۔ میں نے اپنے آئندہ صدارت میں قومی یکجہتی اور افراد کی بہبود کے لیے کچھ نئے کام کئے جائینگے۔
796,دینین نے اپنی نوعمری میں بہت کچھ کیا تھا۔ وہ ساک کاؤنٹی، آئیووا میں اسکول پڑھاتا تھا اور ماؤنٹ کیرول سیمینری میں تعلیم حاصل کر رہا تھا۔ اس نے 1890 میں تعلیم پوری کی اور اپنی پڑھائی میں اتنی اچھی کارکردگی کا مظاہرہ کیا کہ ان کے انسٹرکٹر کی خدمات حاصل کی گئیں۔
467,مجھے صبح کھانے کے بعد چھوٹے چھوٹے کام کرتا ہوں، پھر نماز پڑھتی ہوں اور فیر اسکول کے لیے تیار ہو جاتا ہوں۔
569,اینٹروپی کا مطلب ہے اس خاصیت کو جو مادے کی خرابی، بے ترتیبی یا غیر یقینی صورتحال سے وابستہ ہے۔ یہ سائنسی تصور کلاسیکی تھرموڈینامکس میں پہلی بار تسلیم کیا گیا تھا اور اب اس کا استعمال کیمسٹری، فزکس، حیاتیاتی نظاموں، کاسمولوجی، معاشیات، سماجیات، موسمی سائنس، موسمیاتی تبدیلی اور معلوماتی نظام میں کیا جاتا ہے۔
429,"ٹیسلا چارج کرنے کے فوائد اور نقصانات کے بارے میں کچھ یہ ہے:

فوائد:

* آپ کے ٹیسلا کے لائف کے دور کو بہت زیادہ بڑا کر سکتے ہیں۔
* چارج کرنے سے ٹیسلا کے باتری کو صاف اور ٹھیک رکھ سکتے ہیں۔
* چارج کرنے سے ٹیسلا کے پرفارمنس کو بہت زیادہ بہتر بناتے ہیں۔
* چارج کرنے سے آپ کے ٹیسلا کے لائف کے دور کو بہت زیادہ بڑا کر سکتے ہیں۔

نقصانات:

* چارج کرنے میں وقت لگتا ہے۔
* چارج کرنے کے لیے آپ کو کچھ مال بنانا پڑتا ہے۔
* چارج کرنے سے ٹیسلا کے باتری کو ٹھیک نہیں رکھ سکتے ہیں۔
* چارج کرنے سے آپ کے ٹیسلا کے پرفارمنس کو بہت زیادہ بہتر نہیں بناتے ہیں۔"
299,"ورچوئل لرننگ ماحول میں اسکالرز کے لئے ایک بہت بڑا فائدہ ہے۔ ان کے لئے ایک سافٹ ویئر کی ضرورت نہیں ہے۔ وہ اپنے اپنے اپنے اپنے اپنے اپنے اپنے اپنے اپنے اپنے اپنے اپنے اپنے اپنے اپنے اپنے اپنے اپنے اپنے اپنے اپنے اپنے اپنے اپنے اپنے اپنے اپنے اپنے اپنے اپنے اپنے اپنے اپنے اپنے اپنے اپنے اپنے اپنے اپنے اپنے اپنے 

اس میں ان کے لئے ایک بہت بڑا فائدہ ہے۔ وہ اپنے اپنے اپنے اپنے اپنے اپنے اپنے اپنے اپنے اپنے اپنے اپنے اپنے اپنے اپنے اپنے اپنے اپنے اپنے اپنے اپنے اپنے اپنے اپنے اپنے اپنے اپنے اپنے اپنے اپنے اپنے 

اس میں ان کے لئے ایک بہت بڑا فائدہ ہے۔ ان کے لئے ایک سافٹ ویئر کی ضرورت نہیں ہے۔"
323,"آسمان کے ساتھ دو الفاظ تجویز کرتا ہوں:

1. ستارے
2. گھر"
507,"یہ کھیل ہے! میں آپ کے لیے ایک فنکشن بناتا ہوں جو مثلث کے رقبے کو پڑھ کرنے میں مدد کرتا ہے۔

پہلے، میں کچھ فانکشن لکھتا ہوں جو مثلث کے رقبے کو پڑھ کرنے میں مدد کرتا ہے:

```cpp
#include<iostream>
using namespace std;

float areaTriangle(float base, float height) {
    return (base * height) / 2;
}

int main() {
    float base, height;

    cout << ""Enter the base of the triangle: "";
    cin >> base;

    cout << ""Enter the height of the triangle: "";
    cin >> height;

    float area = areaTriangle(base, height);

    cout << ""The area of the triangle is: "" << area << endl;

    return 0;
}
```

اب، آپ کو اپنے ساتھ ایک پروگرام چلانا ہے جس میں آپ مثلث کے رقبے کو پڑھ کر سکتا ہے۔ میں آپ کو اس کے لیے ایک فانکشن بناتا ہوں جس میں آپ کو مثلث کے رقبے کو پڑھ کرنے کے لیے_base_ اور_height_ کے نام سے دو واریدس دیے جاتے ہیں۔

اب، آپ کو اپنے ساتھ ایک پروگرام چلانا ہے جس میں آپ مثلث کے رقبے کو پڑھ کر سکتا ہے۔ میں آپ کو اس کے لیے ایک فانکشن بناتا ہوں جس میں آپ کو مثلث کے رقبے کو پڑھ کرنے کے لیے_base_ اور_height_ کے نام سے دو واریدس دیے جاتے ہیں۔"
675,فلپائنی لوگ چاول کھانا اتنا پسند کرتے ہیں کیونکہ چاول ان کی دیسی کھادی ہے اور ان کی رہائی کے ساتھ ساتھ چاول کھانا ایک طرح کی لازمی کھادی ہے جس سے ان کی صحت میں اضافہ ہوتا ہے اور ان کے لئے چاول کھانا ایک قسم کی رسائی ہے۔
863,یہ ٹویٹ میں لکھا گیا ہے کہ امریکا کی معیشت بلند ہو رہی ہے اور بے روزگاری کی سطح کبھی کم نہیں ہوئی۔ اس کا جذبہ منفی ہے۔ یہ لکھا گیا ہے کہ معیشت بلند ہو رہی ہے لیکن بے روزگاری کی سطح کم نہیں ہوئی۔ یہ لکھنے والا شخص معیشت کے بہت سے لوگوں کے لیے بے امید ہے۔
589,"دوستی کی خوشی میں ہم ایک دوسرے کو محبت سے لاد رہے ہیں
اسرار خفیہ ہیں جو ہم میں رہتے ہیں، لہذا ہم ساتھ رہتے ہیں
دل میں ایک دوسرے کے لئے رہتے ہیں، خوشی میں محبت کا اظہار ہوتا ہے
اسرار خفیہ ہیں جو ہم میں رہتے ہیں، لہذا ہم ساتھ رہتے ہیں
دل میں ایک دوسرے کے لئے رہتے ہیں، خوشی میں محبت کا اظہار ہوتا ہے

(Translation: In the joy of friendship, we are loving each other with love. The secrets that are hidden between us are the reason we are together. In the heart, we are for each other, and in joy, the expression of love is seen. The secrets that are hidden between us are the reason we are together. In the heart, we are for each other, and in joy, the expression of love is seen.)"
867,"عزيز میرے دوست!

اللہ تعالیٰ کے شکر میں کہ میں پھر کالیفورنیا جانے کا منصوبہ بنارہا ہوں۔ ابھی میرا ویزا بھی آ گیا ہے۔ میں پہلے سے کہتے رہا ہوں کہ میں کالیفورنیا میں کچھ دن گزارنا چاہتا ہوں۔ میں اپنے دوستوں سے ملاقات کرنا چاہتا ہوں اور ان سے کچھ یادوں کو دوبارہ یاد کرتا ہوں۔ میں اپنے اس سفر کے بارے میں آپ کو پتہ چل جائے گا۔

خدا آپ کو صحت و خوشی دے!

میرے دوست!

[Your Name]"
635,آئسобارز کی تقسیم ایک ایسی لکیر ہے جو ایک مخصوص مدت کے لیے سمندر کی سطح پر کم ہونے والے برابر اوسط ماحولیاتی دباؤ کے مقامات کو جوڑتی ہے۔ یہ لکیریں دکھائے گئے بیرومیٹرک دباؤ کو سطح سمندر تک کم کرتے ہیں، اور مستقبل کے موسمی نمونوں کی پیش گوئی کرنے کے لیے استعمال ہوتی ہے۔ آئسوبارز ٹیلی ویژن کے موسم کی رپورٹنگ میں بھی استعمال ہوتے ہیں۔ یہ لکیریں ہوا کے میدان کی شدت اور سمت سے گہرا تعلق رکھتی ہے۔
469,میں دفتر میں داخل ہوا اور میرے ساتھ ملازمین نے میرا سلمان کیا۔
915,"علمی تحقیق میں دماغی صحت پر ورزش کے اثرات کا مطالعہ کرنے کے لیے مختلف طریقے استعمال کیے جا سکتے ہیں، لیکن کچھ اہم طریقے یہ ہیں:

1. کورٹ ریکارڈ میڈرن میتھڈ: اس طریقے میں تحقیق کار دماغی صحت پر ورزش کے اثرات کو پڑھنے کے لیے کورٹ ریکارڈ میڈرن میتھڈ کو استعمال کرتا ہے۔
2. کس بھرنے کا طریقہ: اس طریقے میں تحقیق کار دماغی صحت پر ورزش کے اثرات کو پڑھنے کے لیے کس بھرنے کا طریقہ کو استعمال کرتا ہے۔
3. کس بھرنے کا طریقہ اور کورٹ ریکارڈ میڈرن میتھڈ کا مرکب: اس طریقے میں تحقیق کار دماغی صحت پر ورزش کے اثرات کو پڑھنے کے لیے کس بھرنے کا طریقہ اور کورٹ ریکارڈ میڈرن میتھڈ کا مرکب کو استعمال کرتا ہے۔

لیکن کچھ اہم بات یہ ہے کہ تحقیق کار دماغی صحت پر ورزش کے اثرات کو پڑھنے کے لیے کس طریقے کو استعمال کرتا ہے اس کا انتخاب تحقیق کے مقصد، متغیرات اور دوسرے عوامل کے لحاظ سے کیا جاتا ہے۔"
